INSERT INTO "Market" ("Id", "Name", "Rating") VALUES ('0', 'Грудь', '7.6');
INSERT INTO "Market" ("Id", "Name", "Rating") VALUES ('1', 'Танцевать', '2.2');
INSERT INTO "Market" ("Id", "Name", "Rating") VALUES ('2', 'Сынок', '8.3');
INSERT INTO "Market" ("Id", "Name", "Rating") VALUES ('3', 'Рай', '8.1');
INSERT INTO "Market" ("Id", "Name", "Rating") VALUES ('4', 'Тесно', '7.7');
INSERT INTO "Market" ("Id", "Name", "Rating") VALUES ('5', 'Недостаток', '0.5');
INSERT INTO "Market" ("Id", "Name", "Rating") VALUES ('6', 'Вообще', '1.7');
INSERT INTO "Market" ("Id", "Name", "Rating") VALUES ('7', 'Пол', '8.3');
INSERT INTO "Market" ("Id", "Name", "Rating") VALUES ('8', 'Потрясти', '2.6');
INSERT INTO "Market" ("Id", "Name", "Rating") VALUES ('9', 'Один', '7.1');
INSERT INTO "Market" ("Id", "Name", "Rating") VALUES ('10', 'Второй', '4.2');
INSERT INTO "Market" ("Id", "Name", "Rating") VALUES ('11', 'Кольцо', '4.2');
INSERT INTO "Market" ("Id", "Name", "Rating") VALUES ('12', 'Умолять', '1.3');
INSERT INTO "Market" ("Id", "Name", "Rating") VALUES ('13', 'Провинция', '4.5');
INSERT INTO "Market" ("Id", "Name", "Rating") VALUES ('14', 'Пропаганда', '8.5');
INSERT INTO "Market" ("Id", "Name", "Rating") VALUES ('15', 'Опасность', '2.7');
INSERT INTO "Market" ("Id", "Name", "Rating") VALUES ('16', 'Невозможно', '4.6');
INSERT INTO "Market" ("Id", "Name", "Rating") VALUES ('17', 'Редактор', '4.6');
INSERT INTO "Market" ("Id", "Name", "Rating") VALUES ('18', 'Банк', '6.6');
INSERT INTO "Market" ("Id", "Name", "Rating") VALUES ('19', 'Подземный', '1.7');
INSERT INTO "Market" ("Id", "Name", "Rating") VALUES ('20', 'Бровь', '1.3');
INSERT INTO "Market" ("Id", "Name", "Rating") VALUES ('21', 'Потом', '2.4');
INSERT INTO "Market" ("Id", "Name", "Rating") VALUES ('22', 'Цепочка', '2.4');
INSERT INTO "Market" ("Id", "Name", "Rating") VALUES ('23', 'Забирать', '7.8');
INSERT INTO "Market" ("Id", "Name", "Rating") VALUES ('24', 'Запустить', '0.3');
INSERT INTO "Market" ("Id", "Name", "Rating") VALUES ('25', 'Инфекция', '9.7');
INSERT INTO "Market" ("Id", "Name", "Rating") VALUES ('26', 'Терапия', '1.0');
INSERT INTO "Market" ("Id", "Name", "Rating") VALUES ('27', 'За', '6.3');
INSERT INTO "Market" ("Id", "Name", "Rating") VALUES ('28', 'Танцевать', '3.8');
INSERT INTO "Market" ("Id", "Name", "Rating") VALUES ('29', 'Райком', '7.9');
INSERT INTO "Market" ("Id", "Name", "Rating") VALUES ('30', 'Неожиданный', '8.3');
INSERT INTO "Market" ("Id", "Name", "Rating") VALUES ('31', 'Боец', '7.0');
INSERT INTO "Market" ("Id", "Name", "Rating") VALUES ('32', 'Издали', '3.5');
INSERT INTO "Market" ("Id", "Name", "Rating") VALUES ('33', 'Художественный', '6.4');
INSERT INTO "Market" ("Id", "Name", "Rating") VALUES ('34', 'Второй', '1.8');
INSERT INTO "Market" ("Id", "Name", "Rating") VALUES ('35', 'Один', '8.9');
INSERT INTO "Market" ("Id", "Name", "Rating") VALUES ('36', 'Ягода', '2.4');
INSERT INTO "Market" ("Id", "Name", "Rating") VALUES ('37', 'Спорт', '5.7');
INSERT INTO "Market" ("Id", "Name", "Rating") VALUES ('38', 'Выбирать', '9.4');
INSERT INTO "Market" ("Id", "Name", "Rating") VALUES ('39', 'Социалистический', '3.3');
INSERT INTO "Market" ("Id", "Name", "Rating") VALUES ('40', 'Развитый', '2.3');
INSERT INTO "Market" ("Id", "Name", "Rating") VALUES ('41', 'Стакан', '0.2');
INSERT INTO "Market" ("Id", "Name", "Rating") VALUES ('42', 'Уточнить', '9.4');
INSERT INTO "Market" ("Id", "Name", "Rating") VALUES ('43', 'Увеличиваться', '8.7');
INSERT INTO "Market" ("Id", "Name", "Rating") VALUES ('44', 'Мучительно', '0.6');
INSERT INTO "Market" ("Id", "Name", "Rating") VALUES ('45', 'Построить', '5.0');
INSERT INTO "Market" ("Id", "Name", "Rating") VALUES ('46', 'Висеть', '7.2');
INSERT INTO "Market" ("Id", "Name", "Rating") VALUES ('47', 'Устройство', '7.9');
INSERT INTO "Market" ("Id", "Name", "Rating") VALUES ('48', 'Выражение', '7.6');
INSERT INTO "Market" ("Id", "Name", "Rating") VALUES ('49', 'Металл', '4.7');
INSERT INTO "Storehouse" ("Id", "Place") VALUES ('0', 'д. Кудымкар; пер. Интернациональный; д. 45 стр. 2; 894654');
INSERT INTO "Storehouse" ("Id", "Place") VALUES ('1', 'д. Благовещенск (Амур.); пр. Гафури; д. 6/4 стр. 1/6; 152889');
INSERT INTO "Storehouse" ("Id", "Place") VALUES ('2', 'клх Избербаш; пер. Ветеранов; д. 3 к. 57; 906321');
INSERT INTO "Storehouse" ("Id", "Place") VALUES ('3', 'ст. Павловская; ул. Пирогова; д. 133; 562430');
INSERT INTO "Storehouse" ("Id", "Place") VALUES ('4', 'клх Чусовой; пер. Войкова; д. 1/9; 839713');
INSERT INTO "Storehouse" ("Id", "Place") VALUES ('5', 'д. Орехово-Зуево; пер. Комарова; д. 6/8 к. 3; 362809');
INSERT INTO "Storehouse" ("Id", "Place") VALUES ('6', 'ст. Александров; ш. Волочаевское; д. 9/3 стр. 239; 641955');
INSERT INTO "Storehouse" ("Id", "Place") VALUES ('7', 'г. Карабудахкент; наб. Боровая; д. 7/5; 891576');
INSERT INTO "Storehouse" ("Id", "Place") VALUES ('8', 'ст. Красновишерск; пер. Социалистический; д. 44 стр. 1; 205215');
INSERT INTO "Storehouse" ("Id", "Place") VALUES ('9', 'к. Миллерово; ш. Запрудное; д. 23 стр. 76; 471747');
INSERT INTO "Storehouse" ("Id", "Place") VALUES ('10', 'г. Партизанск; ул. Вишневая; д. 54; 021618');
INSERT INTO "Storehouse" ("Id", "Place") VALUES ('11', 'к. Артем; пр. Урицкого; д. 769 стр. 56; 483362');
INSERT INTO "Storehouse" ("Id", "Place") VALUES ('12', 'ст. Тихорецк; наб. Грибоедова; д. 620 стр. 71; 021483');
INSERT INTO "Storehouse" ("Id", "Place") VALUES ('13', 'с. Сосьва (Хант.); бул. Цветочный; д. 80 стр. 1/9; 935919');
INSERT INTO "Storehouse" ("Id", "Place") VALUES ('14', 'с. Беломорск; алл. Ушакова; д. 802 стр. 7; 781279');
INSERT INTO "Storehouse" ("Id", "Place") VALUES ('15', 'п. Кулунда; ш. Уральское; д. 6; 877123');
INSERT INTO "Storehouse" ("Id", "Place") VALUES ('16', 'г. Бавлы; наб. Курчатова; д. 3 к. 6; 163030');
INSERT INTO "Storehouse" ("Id", "Place") VALUES ('17', 'д. Новая Игирма; ш. Революционное; д. 53; 284441');
INSERT INTO "Storehouse" ("Id", "Place") VALUES ('18', 'г. Краснотурьинск; алл. Логовая; д. 31; 397549');
INSERT INTO "Storehouse" ("Id", "Place") VALUES ('19', 'г. Буденновск; пр. Карла Либкнехта; д. 754 к. 91; 020989');
INSERT INTO "Storehouse" ("Id", "Place") VALUES ('20', 'д. Ершов; пр. Рабочий; д. 3/7; 531984');
INSERT INTO "Storehouse" ("Id", "Place") VALUES ('21', 'г. Забайкальск; наб. Тульская; д. 888; 257632');
INSERT INTO "Storehouse" ("Id", "Place") VALUES ('22', 'ст. Кизилюрт; пр. Седова; д. 7 стр. 7; 043972');
INSERT INTO "Storehouse" ("Id", "Place") VALUES ('23', 'с. Кажим; пр. Толбухина; д. 1/6 к. 25; 159922');
INSERT INTO "Storehouse" ("Id", "Place") VALUES ('24', 'ст. Тюмень; бул. Центральный; д. 4 стр. 9; 439749');
INSERT INTO "Storehouse" ("Id", "Place") VALUES ('25', 'к. Игнашино; наб. Колхозная; д. 77 стр. 66; 245823');
INSERT INTO "Storehouse" ("Id", "Place") VALUES ('26', 'г. Кисловодск; пер. Энергетиков; д. 7 к. 4; 224669');
INSERT INTO "Storehouse" ("Id", "Place") VALUES ('27', 'к. Чебоксары; ул. Крупской; д. 8/2 стр. 3/6; 211227');
INSERT INTO "Storehouse" ("Id", "Place") VALUES ('28', 'клх Белорецк; бул. Российский; д. 415 стр. 569; 079664');
INSERT INTO "Storehouse" ("Id", "Place") VALUES ('29', 'к. Усть-Ордынский; ш. Мелиоративное; д. 4 к. 349; 620690');
INSERT INTO "Storehouse" ("Id", "Place") VALUES ('30', 'к. Липецк; ул. Ильича; д. 1/3; 666515');
INSERT INTO "Storehouse" ("Id", "Place") VALUES ('31', 'с. Уэлен; ул. Лесозаводская; д. 5/7 стр. 9/2; 737385');
INSERT INTO "Storehouse" ("Id", "Place") VALUES ('32', 'с. Билибино; бул. Красноармейский; д. 4/6; 237717');
INSERT INTO "Storehouse" ("Id", "Place") VALUES ('33', 'д. Армавир; ш. Колхозное; д. 6/4 к. 9; 473295');
INSERT INTO "Storehouse" ("Id", "Place") VALUES ('34', 'г. Устюжна; ул. Крупской; д. 20; 091026');
INSERT INTO "Storehouse" ("Id", "Place") VALUES ('35', 'п. Сарапул; ул. Новосельская; д. 9/7 к. 940; 614142');
INSERT INTO "Storehouse" ("Id", "Place") VALUES ('36', 'к. Баксан; наб. Короткая; д. 5; 137887');
INSERT INTO "Storehouse" ("Id", "Place") VALUES ('37', 'клх Малоярославец; пр. Гвардейский; д. 6 к. 9; 846572');
INSERT INTO "Storehouse" ("Id", "Place") VALUES ('38', 'с. Мезень; наб. Краснофлотская; д. 5 стр. 586; 257732');
INSERT INTO "Storehouse" ("Id", "Place") VALUES ('39', 'к. Тулпан; ул. Черемуховая; д. 689 стр. 24; 399719');
INSERT INTO "Storehouse" ("Id", "Place") VALUES ('40', 'ст. Домбай; пр. 9 мая; д. 786 к. 8; 889003');
INSERT INTO "Storehouse" ("Id", "Place") VALUES ('41', 'с. Уфа; алл. Шмидта; д. 4/6 к. 3; 232658');
INSERT INTO "Storehouse" ("Id", "Place") VALUES ('42', 'к. Химки; пр. Степной; д. 96 к. 55; 027868');
INSERT INTO "Storehouse" ("Id", "Place") VALUES ('43', 'ст. Усть-Ишим; ул. Кузнецкая; д. 8 к. 5; 735994');
INSERT INTO "Storehouse" ("Id", "Place") VALUES ('44', 'ст. Красногорск (Моск.); ш. Короленко; д. 469; 094149');
INSERT INTO "Storehouse" ("Id", "Place") VALUES ('45', 'с. Старый Оскол; пр. Гагарина; д. 340 к. 620; 990267');
INSERT INTO "Storehouse" ("Id", "Place") VALUES ('46', 'клх Быково (метеост.); ш. Курское; д. 414 к. 3; 250739');
INSERT INTO "Storehouse" ("Id", "Place") VALUES ('47', 'п. Жиганск; наб. Красногвардейская; д. 5/2 к. 4; 909337');
INSERT INTO "Storehouse" ("Id", "Place") VALUES ('48', 'к. Мокшан; пер. Гоголя; д. 3/3; 719350');
INSERT INTO "Storehouse" ("Id", "Place") VALUES ('49', 'с. Муравленко; ш. Ватутина; д. 81 к. 31; 988217');
INSERT INTO "PickupPoint" ("Id", "Place", "TimeToWork") VALUES ('0', 'г. Вилюйск; алл. Пожарского; д. 3 к. 4; 166496', '23');
INSERT INTO "PickupPoint" ("Id", "Place", "TimeToWork") VALUES ('1', 'клх Плесецк; пр. Марта 8; д. 547 стр. 5; 921345', '18');
INSERT INTO "PickupPoint" ("Id", "Place", "TimeToWork") VALUES ('2', 'г. Нижнеудинск; ш. Февральское; д. 69 к. 17; 601379', '22');
INSERT INTO "PickupPoint" ("Id", "Place", "TimeToWork") VALUES ('3', 'ст. Нефтегорск (Самар.); пр. Осипенко; д. 9 стр. 80; 829258', '18');
INSERT INTO "PickupPoint" ("Id", "Place", "TimeToWork") VALUES ('4', 'с. Губаха; ул. Тихая; д. 444 к. 1/5; 027763', '20');
INSERT INTO "PickupPoint" ("Id", "Place", "TimeToWork") VALUES ('5', 'с. Бугульма; ш. Базарное; д. 1 к. 3/7; 430400', '24');
INSERT INTO "PickupPoint" ("Id", "Place", "TimeToWork") VALUES ('6', 'д. Таганрог; пер. Пирогова; д. 12 стр. 284; 356920', '20');
INSERT INTO "PickupPoint" ("Id", "Place", "TimeToWork") VALUES ('7', 'клх Мезень; ш. Красноярское; д. 4/5 к. 8/8; 387121', '23');
INSERT INTO "PickupPoint" ("Id", "Place", "TimeToWork") VALUES ('8', 'г. Северодвинск; наб. Р.Люксембург; д. 77; 119758', '22');
INSERT INTO "PickupPoint" ("Id", "Place", "TimeToWork") VALUES ('9', 'с. Усть-Камчатск; ул. Томская; д. 93; 621702', '16');
INSERT INTO "PickupPoint" ("Id", "Place", "TimeToWork") VALUES ('10', 'г. Стрежевой; алл. Марта 8; д. 6; 759054', '19');
INSERT INTO "PickupPoint" ("Id", "Place", "TimeToWork") VALUES ('11', 'д. Кежма; наб. Волжская; д. 5 стр. 8/8; 085560', '23');
INSERT INTO "PickupPoint" ("Id", "Place", "TimeToWork") VALUES ('12', 'г. Арсеньев; ул. Чапаева; д. 214 к. 47; 030426', '21');
INSERT INTO "PickupPoint" ("Id", "Place", "TimeToWork") VALUES ('13', 'д. Клин; бул. Ватутина; д. 6/2 к. 9/6; 099002', '24');
INSERT INTO "PickupPoint" ("Id", "Place", "TimeToWork") VALUES ('14', 'п. Кетченеры; пр. Нагорный; д. 4/4 к. 8/2; 064438', '23');
INSERT INTO "PickupPoint" ("Id", "Place", "TimeToWork") VALUES ('15', 'д. Владимир; пер. Попова; д. 23; 708964', '13');
INSERT INTO "PickupPoint" ("Id", "Place", "TimeToWork") VALUES ('16', 'г. Новый Оскол; наб. Некрасова; д. 6/3 к. 313; 008533', '21');
INSERT INTO "PickupPoint" ("Id", "Place", "TimeToWork") VALUES ('17', 'к. Камень-на-Оби; бул. Беляева; д. 307 стр. 667; 344016', '21');
INSERT INTO "PickupPoint" ("Id", "Place", "TimeToWork") VALUES ('18', 'п. Тарко-Сале; пер. Буденного; д. 73 стр. 27; 944227', '24');
INSERT INTO "PickupPoint" ("Id", "Place", "TimeToWork") VALUES ('19', 'п. Баксан; пр. Белинского; д. 92 к. 4/4; 985223', '15');
INSERT INTO "PickupPoint" ("Id", "Place", "TimeToWork") VALUES ('20', 'к. Верхний Тагил; пер. Николаева; д. 95 к. 39; 502595', '23');
INSERT INTO "PickupPoint" ("Id", "Place", "TimeToWork") VALUES ('21', 'д. Кировск (Мурм.); пр. Грибоедова; д. 1 к. 3; 813844', '24');
INSERT INTO "PickupPoint" ("Id", "Place", "TimeToWork") VALUES ('22', 'к. Поярково; наб. Урожайная; д. 4/5; 819085', '20');
INSERT INTO "PickupPoint" ("Id", "Place", "TimeToWork") VALUES ('23', 'клх Серпухов; ул. Курганная; д. 62; 589760', '20');
INSERT INTO "PickupPoint" ("Id", "Place", "TimeToWork") VALUES ('24', 'к. Люберцы; пр. Ударный; д. 449; 477706', '19');
INSERT INTO "PickupPoint" ("Id", "Place", "TimeToWork") VALUES ('25', 'к. Тулун; ш. Балтийское; д. 894 к. 9; 823780', '22');
INSERT INTO "PickupPoint" ("Id", "Place", "TimeToWork") VALUES ('26', 'к. Энгельс; алл. Жданова; д. 23 к. 17; 575574', '15');
INSERT INTO "PickupPoint" ("Id", "Place", "TimeToWork") VALUES ('27', 'п. Карачаевск; алл. Стахановская; д. 49; 207802', '23');
INSERT INTO "PickupPoint" ("Id", "Place", "TimeToWork") VALUES ('28', 'к. Пинега; пер. Комарова; д. 37 к. 54; 549026', '17');
INSERT INTO "PickupPoint" ("Id", "Place", "TimeToWork") VALUES ('29', 'ст. Усть-Катав; бул. Украинский; д. 4; 313387', '16');
INSERT INTO "PickupPoint" ("Id", "Place", "TimeToWork") VALUES ('30', 'п. Шелагонцы; алл. Инженерная; д. 50; 763351', '21');
INSERT INTO "PickupPoint" ("Id", "Place", "TimeToWork") VALUES ('31', 'д. Батайск; пер. Петровский; д. 7/7 стр. 6/3; 283109', '22');
INSERT INTO "PickupPoint" ("Id", "Place", "TimeToWork") VALUES ('32', 'с. Чайковский; наб. Енисейская; д. 574 стр. 95; 725566', '15');
INSERT INTO "PickupPoint" ("Id", "Place", "TimeToWork") VALUES ('33', 'г. Кежма; пр. Осенний; д. 83 стр. 593; 034840', '16');
INSERT INTO "PickupPoint" ("Id", "Place", "TimeToWork") VALUES ('34', 'ст. Усть-Илимск; ш. Чкалова; д. 903 к. 4/3; 292496', '14');
INSERT INTO "PickupPoint" ("Id", "Place", "TimeToWork") VALUES ('35', 'с. Токсово; пр. Светлый; д. 2/7 к. 3; 137365', '19');
INSERT INTO "PickupPoint" ("Id", "Place", "TimeToWork") VALUES ('36', 'к. Благовещенск (Амур.); ул. Угольная; д. 675 стр. 4/3; 257959', '22');
INSERT INTO "PickupPoint" ("Id", "Place", "TimeToWork") VALUES ('37', 'г. Холмск; пер. Дорожный; д. 8/8; 253656', '16');
INSERT INTO "PickupPoint" ("Id", "Place", "TimeToWork") VALUES ('38', 'ст. Черский; ш. Тамбовское; д. 59 к. 7/9; 414174', '12');
INSERT INTO "PickupPoint" ("Id", "Place", "TimeToWork") VALUES ('39', 'с. Салехард; ул. Уральская; д. 6; 237242', '16');
INSERT INTO "PickupPoint" ("Id", "Place", "TimeToWork") VALUES ('40', 'д. Усть-Ордынский; ул. Школьная; д. 1 стр. 722; 999958', '14');
INSERT INTO "PickupPoint" ("Id", "Place", "TimeToWork") VALUES ('41', 'к. Кострома; наб. Титова; д. 7/9 стр. 6; 227406', '24');
INSERT INTO "PickupPoint" ("Id", "Place", "TimeToWork") VALUES ('42', 'с. Смирных; пр. Кубанский; д. 7 стр. 280; 851772', '15');
INSERT INTO "PickupPoint" ("Id", "Place", "TimeToWork") VALUES ('43', 'к. Быково (метеост.); алл. Локомотивная; д. 6/9 к. 7/4; 107131', '24');
INSERT INTO "PickupPoint" ("Id", "Place", "TimeToWork") VALUES ('44', 'г. Нефтегорск (Самар.); пр. Малый; д. 90 стр. 2; 056206', '12');
INSERT INTO "PickupPoint" ("Id", "Place", "TimeToWork") VALUES ('45', 'клх Поронайск; ш. Тамбовское; д. 19 к. 989; 161084', '19');
INSERT INTO "PickupPoint" ("Id", "Place", "TimeToWork") VALUES ('46', 'к. Набережные Челны; ш. Главное; д. 122; 248164', '19');
INSERT INTO "PickupPoint" ("Id", "Place", "TimeToWork") VALUES ('47', 'д. Мирный; алл. Троицкая; д. 9 стр. 1; 390879', '19');
INSERT INTO "PickupPoint" ("Id", "Place", "TimeToWork") VALUES ('48', 'г. Чулым; бул. Никитина; д. 4 стр. 89; 606367', '21');
INSERT INTO "PickupPoint" ("Id", "Place", "TimeToWork") VALUES ('49', 'с. Серебряные Пруды; бул. Авиационный; д. 768; 984835', '16');
INSERT INTO "Distance" ("Distance", "StorehouseId", "PickupPointId") VALUES ('5585.51', '42', '29');
INSERT INTO "Distance" ("Distance", "StorehouseId", "PickupPointId") VALUES ('6653.91', '48', '46');
INSERT INTO "Distance" ("Distance", "StorehouseId", "PickupPointId") VALUES ('9521.74', '41', '18');
INSERT INTO "Distance" ("Distance", "StorehouseId", "PickupPointId") VALUES ('2353.28', '43', '30');
INSERT INTO "Distance" ("Distance", "StorehouseId", "PickupPointId") VALUES ('6243.15', '31', '26');
INSERT INTO "Distance" ("Distance", "StorehouseId", "PickupPointId") VALUES ('2203.22', '7', '17');
INSERT INTO "Distance" ("Distance", "StorehouseId", "PickupPointId") VALUES ('1002.43', '29', '12');
INSERT INTO "Distance" ("Distance", "StorehouseId", "PickupPointId") VALUES ('4077.33', '31', '1');
INSERT INTO "Distance" ("Distance", "StorehouseId", "PickupPointId") VALUES ('1370.37', '23', '22');
INSERT INTO "Distance" ("Distance", "StorehouseId", "PickupPointId") VALUES ('335.3', '35', '4');
INSERT INTO "Distance" ("Distance", "StorehouseId", "PickupPointId") VALUES ('9470.74', '42', '37');
INSERT INTO "Distance" ("Distance", "StorehouseId", "PickupPointId") VALUES ('6566.91', '33', '6');
INSERT INTO "Distance" ("Distance", "StorehouseId", "PickupPointId") VALUES ('205.5', '17', '0');
INSERT INTO "Distance" ("Distance", "StorehouseId", "PickupPointId") VALUES ('7450.63', '2', '8');
INSERT INTO "Distance" ("Distance", "StorehouseId", "PickupPointId") VALUES ('5441.9', '13', '30');
INSERT INTO "Distance" ("Distance", "StorehouseId", "PickupPointId") VALUES ('8753.42', '39', '48');
INSERT INTO "Distance" ("Distance", "StorehouseId", "PickupPointId") VALUES ('2030.85', '33', '46');
INSERT INTO "Distance" ("Distance", "StorehouseId", "PickupPointId") VALUES ('4073.44', '3', '41');
INSERT INTO "Distance" ("Distance", "StorehouseId", "PickupPointId") VALUES ('5001.52', '49', '4');
INSERT INTO "Distance" ("Distance", "StorehouseId", "PickupPointId") VALUES ('2529.42', '20', '49');
INSERT INTO "Distance" ("Distance", "StorehouseId", "PickupPointId") VALUES ('3894.89', '3', '16');
INSERT INTO "Distance" ("Distance", "StorehouseId", "PickupPointId") VALUES ('5359.55', '14', '2');
INSERT INTO "Distance" ("Distance", "StorehouseId", "PickupPointId") VALUES ('695.6', '32', '11');
INSERT INTO "Distance" ("Distance", "StorehouseId", "PickupPointId") VALUES ('1290.27', '15', '37');
INSERT INTO "Distance" ("Distance", "StorehouseId", "PickupPointId") VALUES ('3098.0', '47', '22');
INSERT INTO "Distance" ("Distance", "StorehouseId", "PickupPointId") VALUES ('1816.46', '20', '14');
INSERT INTO "Distance" ("Distance", "StorehouseId", "PickupPointId") VALUES ('3528.25', '32', '2');
INSERT INTO "Distance" ("Distance", "StorehouseId", "PickupPointId") VALUES ('6149.65', '0', '20');
INSERT INTO "Distance" ("Distance", "StorehouseId", "PickupPointId") VALUES ('1713.67', '41', '0');
INSERT INTO "Distance" ("Distance", "StorehouseId", "PickupPointId") VALUES ('3632.81', '47', '12');
INSERT INTO "Distance" ("Distance", "StorehouseId", "PickupPointId") VALUES ('5422.38', '8', '18');
INSERT INTO "Distance" ("Distance", "StorehouseId", "PickupPointId") VALUES ('5032.15', '5', '13');
INSERT INTO "Distance" ("Distance", "StorehouseId", "PickupPointId") VALUES ('1284.97', '19', '31');
INSERT INTO "Distance" ("Distance", "StorehouseId", "PickupPointId") VALUES ('4410.51', '6', '10');
INSERT INTO "Distance" ("Distance", "StorehouseId", "PickupPointId") VALUES ('6451.33', '34', '45');
INSERT INTO "Distance" ("Distance", "StorehouseId", "PickupPointId") VALUES ('5741.74', '42', '47');
INSERT INTO "Distance" ("Distance", "StorehouseId", "PickupPointId") VALUES ('6245.6', '13', '37');
INSERT INTO "Distance" ("Distance", "StorehouseId", "PickupPointId") VALUES ('8370.28', '35', '37');
INSERT INTO "Distance" ("Distance", "StorehouseId", "PickupPointId") VALUES ('7070.4', '45', '12');
INSERT INTO "Distance" ("Distance", "StorehouseId", "PickupPointId") VALUES ('669.66', '23', '15');
INSERT INTO "Distance" ("Distance", "StorehouseId", "PickupPointId") VALUES ('8960.74', '1', '39');
INSERT INTO "Distance" ("Distance", "StorehouseId", "PickupPointId") VALUES ('7595.69', '27', '15');
INSERT INTO "Distance" ("Distance", "StorehouseId", "PickupPointId") VALUES ('8876.44', '46', '38');
INSERT INTO "Distance" ("Distance", "StorehouseId", "PickupPointId") VALUES ('1607.25', '12', '12');
INSERT INTO "Distance" ("Distance", "StorehouseId", "PickupPointId") VALUES ('3434.26', '48', '37');
INSERT INTO "Distance" ("Distance", "StorehouseId", "PickupPointId") VALUES ('6113.59', '27', '28');
INSERT INTO "Distance" ("Distance", "StorehouseId", "PickupPointId") VALUES ('5129.92', '2', '7');
INSERT INTO "Distance" ("Distance", "StorehouseId", "PickupPointId") VALUES ('7328.33', '17', '28');
INSERT INTO "Distance" ("Distance", "StorehouseId", "PickupPointId") VALUES ('9268.34', '33', '5');
INSERT INTO "Distance" ("Distance", "StorehouseId", "PickupPointId") VALUES ('5458.38', '13', '14');
INSERT INTO "ProductCategory" ("Id", "Name") VALUES ('0', 'Косметика');
INSERT INTO "ProductCategory" ("Id", "Name") VALUES ('1', 'Животные');
INSERT INTO "ProductCategory" ("Id", "Name") VALUES ('2', 'Животные');
INSERT INTO "ProductCategory" ("Id", "Name") VALUES ('3', 'Спорт');
INSERT INTO "ProductCategory" ("Id", "Name") VALUES ('4', 'Спорт');
INSERT INTO "ProductCategory" ("Id", "Name") VALUES ('5', 'Спорт');
INSERT INTO "ProductCategory" ("Id", "Name") VALUES ('6', 'Косметика');
INSERT INTO "ProductCategory" ("Id", "Name") VALUES ('7', 'Животные');
INSERT INTO "ProductCategory" ("Id", "Name") VALUES ('8', 'Косметика');
INSERT INTO "ProductCategory" ("Id", "Name") VALUES ('9', 'Животные');
INSERT INTO "ProductCategory" ("Id", "Name") VALUES ('10', 'Спорт');
INSERT INTO "ProductCategory" ("Id", "Name") VALUES ('11', 'Животные');
INSERT INTO "ProductCategory" ("Id", "Name") VALUES ('12', 'Спорт');
INSERT INTO "ProductCategory" ("Id", "Name") VALUES ('13', 'Косметика');
INSERT INTO "ProductCategory" ("Id", "Name") VALUES ('14', 'Спорт');
INSERT INTO "ProductCategory" ("Id", "Name") VALUES ('15', 'Косметика');
INSERT INTO "ProductCategory" ("Id", "Name") VALUES ('16', 'Косметика');
INSERT INTO "ProductCategory" ("Id", "Name") VALUES ('17', 'Косметика');
INSERT INTO "ProductCategory" ("Id", "Name") VALUES ('18', 'Животные');
INSERT INTO "ProductCategory" ("Id", "Name") VALUES ('19', 'Спорт');
INSERT INTO "ProductCategory" ("Id", "Name") VALUES ('20', 'Спорт');
INSERT INTO "ProductCategory" ("Id", "Name") VALUES ('21', 'Спорт');
INSERT INTO "ProductCategory" ("Id", "Name") VALUES ('22', 'Спорт');
INSERT INTO "ProductCategory" ("Id", "Name") VALUES ('23', 'Животные');
INSERT INTO "ProductCategory" ("Id", "Name") VALUES ('24', 'Косметика');
INSERT INTO "ProductCategory" ("Id", "Name") VALUES ('25', 'Спорт');
INSERT INTO "ProductCategory" ("Id", "Name") VALUES ('26', 'Спорт');
INSERT INTO "ProductCategory" ("Id", "Name") VALUES ('27', 'Спорт');
INSERT INTO "ProductCategory" ("Id", "Name") VALUES ('28', 'Животные');
INSERT INTO "ProductCategory" ("Id", "Name") VALUES ('29', 'Косметика');
INSERT INTO "ProductCategory" ("Id", "Name") VALUES ('30', 'Животные');
INSERT INTO "ProductCategory" ("Id", "Name") VALUES ('31', 'Косметика');
INSERT INTO "ProductCategory" ("Id", "Name") VALUES ('32', 'Косметика');
INSERT INTO "ProductCategory" ("Id", "Name") VALUES ('33', 'Косметика');
INSERT INTO "ProductCategory" ("Id", "Name") VALUES ('34', 'Косметика');
INSERT INTO "ProductCategory" ("Id", "Name") VALUES ('35', 'Животные');
INSERT INTO "ProductCategory" ("Id", "Name") VALUES ('36', 'Животные');
INSERT INTO "ProductCategory" ("Id", "Name") VALUES ('37', 'Спорт');
INSERT INTO "ProductCategory" ("Id", "Name") VALUES ('38', 'Спорт');
INSERT INTO "ProductCategory" ("Id", "Name") VALUES ('39', 'Спорт');
INSERT INTO "ProductCategory" ("Id", "Name") VALUES ('40', 'Животные');
INSERT INTO "ProductCategory" ("Id", "Name") VALUES ('41', 'Спорт');
INSERT INTO "ProductCategory" ("Id", "Name") VALUES ('42', 'Спорт');
INSERT INTO "ProductCategory" ("Id", "Name") VALUES ('43', 'Спорт');
INSERT INTO "ProductCategory" ("Id", "Name") VALUES ('44', 'Спорт');
INSERT INTO "ProductCategory" ("Id", "Name") VALUES ('45', 'Животные');
INSERT INTO "ProductCategory" ("Id", "Name") VALUES ('46', 'Животные');
INSERT INTO "ProductCategory" ("Id", "Name") VALUES ('47', 'Косметика');
INSERT INTO "ProductCategory" ("Id", "Name") VALUES ('48', 'Спорт');
INSERT INTO "ProductCategory" ("Id", "Name") VALUES ('49', 'Спорт');
INSERT INTO "ProductSubCategory" ("Id", "Name", "ProductCategoryId") VALUES ('0', 'Туризм', '10');
INSERT INTO "ProductSubCategory" ("Id", "Name", "ProductCategoryId") VALUES ('1', 'Велоспорт', '44');
INSERT INTO "ProductSubCategory" ("Id", "Name", "ProductCategoryId") VALUES ('2', 'Для собачек', '12');
INSERT INTO "ProductSubCategory" ("Id", "Name", "ProductCategoryId") VALUES ('3', 'Велоспорт', '36');
INSERT INTO "ProductSubCategory" ("Id", "Name", "ProductCategoryId") VALUES ('4', 'Для собачек', '32');
INSERT INTO "ProductSubCategory" ("Id", "Name", "ProductCategoryId") VALUES ('5', 'Велоспорт', '32');
INSERT INTO "ProductSubCategory" ("Id", "Name", "ProductCategoryId") VALUES ('6', 'Велоспорт', '17');
INSERT INTO "ProductSubCategory" ("Id", "Name", "ProductCategoryId") VALUES ('7', 'Велоспорт', '32');
INSERT INTO "ProductSubCategory" ("Id", "Name", "ProductCategoryId") VALUES ('8', 'Для собачек', '49');
INSERT INTO "ProductSubCategory" ("Id", "Name", "ProductCategoryId") VALUES ('9', 'Женская', '9');
INSERT INTO "ProductSubCategory" ("Id", "Name", "ProductCategoryId") VALUES ('10', 'Для кошек', '40');
INSERT INTO "ProductSubCategory" ("Id", "Name", "ProductCategoryId") VALUES ('11', 'Туризм', '6');
INSERT INTO "ProductSubCategory" ("Id", "Name", "ProductCategoryId") VALUES ('12', 'Велоспорт', '46');
INSERT INTO "ProductSubCategory" ("Id", "Name", "ProductCategoryId") VALUES ('13', 'Туризм', '5');
INSERT INTO "ProductSubCategory" ("Id", "Name", "ProductCategoryId") VALUES ('14', 'Для кошек', '6');
INSERT INTO "ProductSubCategory" ("Id", "Name", "ProductCategoryId") VALUES ('15', 'Туризм', '16');
INSERT INTO "ProductSubCategory" ("Id", "Name", "ProductCategoryId") VALUES ('16', 'Велоспорт', '23');
INSERT INTO "ProductSubCategory" ("Id", "Name", "ProductCategoryId") VALUES ('17', 'Женская', '0');
INSERT INTO "ProductSubCategory" ("Id", "Name", "ProductCategoryId") VALUES ('18', 'Для собачек', '14');
INSERT INTO "ProductSubCategory" ("Id", "Name", "ProductCategoryId") VALUES ('19', 'Для собачек', '21');
INSERT INTO "ProductSubCategory" ("Id", "Name", "ProductCategoryId") VALUES ('20', 'Велоспорт', '15');
INSERT INTO "ProductSubCategory" ("Id", "Name", "ProductCategoryId") VALUES ('21', 'Велоспорт', '39');
INSERT INTO "ProductSubCategory" ("Id", "Name", "ProductCategoryId") VALUES ('22', 'Женская', '16');
INSERT INTO "ProductSubCategory" ("Id", "Name", "ProductCategoryId") VALUES ('23', 'Для собачек', '45');
INSERT INTO "ProductSubCategory" ("Id", "Name", "ProductCategoryId") VALUES ('24', 'Женская', '2');
INSERT INTO "ProductSubCategory" ("Id", "Name", "ProductCategoryId") VALUES ('25', 'Для кошек', '6');
INSERT INTO "ProductSubCategory" ("Id", "Name", "ProductCategoryId") VALUES ('26', 'Велоспорт', '11');
INSERT INTO "ProductSubCategory" ("Id", "Name", "ProductCategoryId") VALUES ('27', 'Женская', '25');
INSERT INTO "ProductSubCategory" ("Id", "Name", "ProductCategoryId") VALUES ('28', 'Туризм', '20');
INSERT INTO "ProductSubCategory" ("Id", "Name", "ProductCategoryId") VALUES ('29', 'Женская', '21');
INSERT INTO "ProductSubCategory" ("Id", "Name", "ProductCategoryId") VALUES ('30', 'Велоспорт', '24');
INSERT INTO "ProductSubCategory" ("Id", "Name", "ProductCategoryId") VALUES ('31', 'Туризм', '5');
INSERT INTO "ProductSubCategory" ("Id", "Name", "ProductCategoryId") VALUES ('32', 'Туризм', '34');
INSERT INTO "ProductSubCategory" ("Id", "Name", "ProductCategoryId") VALUES ('33', 'Туризм', '1');
INSERT INTO "ProductSubCategory" ("Id", "Name", "ProductCategoryId") VALUES ('34', 'Женская', '21');
INSERT INTO "ProductSubCategory" ("Id", "Name", "ProductCategoryId") VALUES ('35', 'Для кошек', '28');
INSERT INTO "ProductSubCategory" ("Id", "Name", "ProductCategoryId") VALUES ('36', 'Женская', '35');
INSERT INTO "ProductSubCategory" ("Id", "Name", "ProductCategoryId") VALUES ('37', 'Туризм', '16');
INSERT INTO "ProductSubCategory" ("Id", "Name", "ProductCategoryId") VALUES ('38', 'Туризм', '45');
INSERT INTO "ProductSubCategory" ("Id", "Name", "ProductCategoryId") VALUES ('39', 'Для собачек', '39');
INSERT INTO "ProductSubCategory" ("Id", "Name", "ProductCategoryId") VALUES ('40', 'Велоспорт', '21');
INSERT INTO "ProductSubCategory" ("Id", "Name", "ProductCategoryId") VALUES ('41', 'Велоспорт', '37');
INSERT INTO "ProductSubCategory" ("Id", "Name", "ProductCategoryId") VALUES ('42', 'Велоспорт', '13');
INSERT INTO "ProductSubCategory" ("Id", "Name", "ProductCategoryId") VALUES ('43', 'Женская', '0');
INSERT INTO "ProductSubCategory" ("Id", "Name", "ProductCategoryId") VALUES ('44', 'Для собачек', '0');
INSERT INTO "ProductSubCategory" ("Id", "Name", "ProductCategoryId") VALUES ('45', 'Женская', '29');
INSERT INTO "ProductSubCategory" ("Id", "Name", "ProductCategoryId") VALUES ('46', 'Женская', '7');
INSERT INTO "ProductSubCategory" ("Id", "Name", "ProductCategoryId") VALUES ('47', 'Для собачек', '31');
INSERT INTO "ProductSubCategory" ("Id", "Name", "ProductCategoryId") VALUES ('48', 'Туризм', '29');
INSERT INTO "ProductSubCategory" ("Id", "Name", "ProductCategoryId") VALUES ('49', 'Для собачек', '22');
INSERT INTO "Properties" ("Id", "Name", "ProductSubCategortId") VALUES ('0', 'Цвет', '31');
INSERT INTO "Properties" ("Id", "Name", "ProductSubCategortId") VALUES ('1', 'Порода', '25');
INSERT INTO "Properties" ("Id", "Name", "ProductSubCategortId") VALUES ('2', 'Цвет', '7');
INSERT INTO "Properties" ("Id", "Name", "ProductSubCategortId") VALUES ('3', 'Вес', '33');
INSERT INTO "Properties" ("Id", "Name", "ProductSubCategortId") VALUES ('4', 'Вес', '16');
INSERT INTO "Properties" ("Id", "Name", "ProductSubCategortId") VALUES ('5', 'Вес', '7');
INSERT INTO "Properties" ("Id", "Name", "ProductSubCategortId") VALUES ('6', 'Цвет', '13');
INSERT INTO "Properties" ("Id", "Name", "ProductSubCategortId") VALUES ('7', 'Порода', '49');
INSERT INTO "Properties" ("Id", "Name", "ProductSubCategortId") VALUES ('8', 'Вес', '27');
INSERT INTO "Properties" ("Id", "Name", "ProductSubCategortId") VALUES ('9', 'Порода', '6');
INSERT INTO "Properties" ("Id", "Name", "ProductSubCategortId") VALUES ('10', 'Порода', '45');
INSERT INTO "Properties" ("Id", "Name", "ProductSubCategortId") VALUES ('11', 'Порода', '24');
INSERT INTO "Properties" ("Id", "Name", "ProductSubCategortId") VALUES ('12', 'Вес', '5');
INSERT INTO "Properties" ("Id", "Name", "ProductSubCategortId") VALUES ('13', 'Порода', '31');
INSERT INTO "Properties" ("Id", "Name", "ProductSubCategortId") VALUES ('14', 'Цвет', '9');
INSERT INTO "Properties" ("Id", "Name", "ProductSubCategortId") VALUES ('15', 'Порода', '18');
INSERT INTO "Properties" ("Id", "Name", "ProductSubCategortId") VALUES ('16', 'Цвет', '4');
INSERT INTO "Properties" ("Id", "Name", "ProductSubCategortId") VALUES ('17', 'Порода', '45');
INSERT INTO "Properties" ("Id", "Name", "ProductSubCategortId") VALUES ('18', 'Цвет', '16');
INSERT INTO "Properties" ("Id", "Name", "ProductSubCategortId") VALUES ('19', 'Порода', '34');
INSERT INTO "Properties" ("Id", "Name", "ProductSubCategortId") VALUES ('20', 'Вес', '14');
INSERT INTO "Properties" ("Id", "Name", "ProductSubCategortId") VALUES ('21', 'Цвет', '37');
INSERT INTO "Properties" ("Id", "Name", "ProductSubCategortId") VALUES ('22', 'Вес', '41');
INSERT INTO "Properties" ("Id", "Name", "ProductSubCategortId") VALUES ('23', 'Порода', '46');
INSERT INTO "Properties" ("Id", "Name", "ProductSubCategortId") VALUES ('24', 'Цвет', '31');
INSERT INTO "Properties" ("Id", "Name", "ProductSubCategortId") VALUES ('25', 'Порода', '6');
INSERT INTO "Properties" ("Id", "Name", "ProductSubCategortId") VALUES ('26', 'Порода', '28');
INSERT INTO "Properties" ("Id", "Name", "ProductSubCategortId") VALUES ('27', 'Порода', '42');
INSERT INTO "Properties" ("Id", "Name", "ProductSubCategortId") VALUES ('28', 'Цвет', '24');
INSERT INTO "Properties" ("Id", "Name", "ProductSubCategortId") VALUES ('29', 'Вес', '37');
INSERT INTO "Properties" ("Id", "Name", "ProductSubCategortId") VALUES ('30', 'Порода', '31');
INSERT INTO "Properties" ("Id", "Name", "ProductSubCategortId") VALUES ('31', 'Вес', '10');
INSERT INTO "Properties" ("Id", "Name", "ProductSubCategortId") VALUES ('32', 'Вес', '44');
INSERT INTO "Properties" ("Id", "Name", "ProductSubCategortId") VALUES ('33', 'Порода', '43');
INSERT INTO "Properties" ("Id", "Name", "ProductSubCategortId") VALUES ('34', 'Вес', '16');
INSERT INTO "Properties" ("Id", "Name", "ProductSubCategortId") VALUES ('35', 'Вес', '23');
INSERT INTO "Properties" ("Id", "Name", "ProductSubCategortId") VALUES ('36', 'Порода', '28');
INSERT INTO "Properties" ("Id", "Name", "ProductSubCategortId") VALUES ('37', 'Вес', '21');
INSERT INTO "Properties" ("Id", "Name", "ProductSubCategortId") VALUES ('38', 'Цвет', '34');
INSERT INTO "Properties" ("Id", "Name", "ProductSubCategortId") VALUES ('39', 'Цвет', '25');
INSERT INTO "Properties" ("Id", "Name", "ProductSubCategortId") VALUES ('40', 'Цвет', '16');
INSERT INTO "Properties" ("Id", "Name", "ProductSubCategortId") VALUES ('41', 'Вес', '13');
INSERT INTO "Properties" ("Id", "Name", "ProductSubCategortId") VALUES ('42', 'Цвет', '21');
INSERT INTO "Properties" ("Id", "Name", "ProductSubCategortId") VALUES ('43', 'Цвет', '18');
INSERT INTO "Properties" ("Id", "Name", "ProductSubCategortId") VALUES ('44', 'Цвет', '8');
INSERT INTO "Properties" ("Id", "Name", "ProductSubCategortId") VALUES ('45', 'Порода', '13');
INSERT INTO "Properties" ("Id", "Name", "ProductSubCategortId") VALUES ('46', 'Порода', '9');
INSERT INTO "Properties" ("Id", "Name", "ProductSubCategortId") VALUES ('47', 'Цвет', '5');
INSERT INTO "Properties" ("Id", "Name", "ProductSubCategortId") VALUES ('48', 'Цвет', '4');
INSERT INTO "Properties" ("Id", "Name", "ProductSubCategortId") VALUES ('49', 'Вес', '29');
INSERT INTO "PropertiesType" ("Name", "PropertiesId") VALUES ('Синий', '26');
INSERT INTO "PropertiesType" ("Name", "PropertiesId") VALUES ('Тяжелый', '13');
INSERT INTO "PropertiesType" ("Name", "PropertiesId") VALUES ('Тяжелый', '38');
INSERT INTO "PropertiesType" ("Name", "PropertiesId") VALUES ('Синий', '0');
INSERT INTO "PropertiesType" ("Name", "PropertiesId") VALUES ('Тяжелый', '33');
INSERT INTO "PropertiesType" ("Name", "PropertiesId") VALUES ('Средний', '41');
INSERT INTO "PropertiesType" ("Name", "PropertiesId") VALUES ('Синий', '12');
INSERT INTO "PropertiesType" ("Name", "PropertiesId") VALUES ('Средний', '49');
INSERT INTO "PropertiesType" ("Name", "PropertiesId") VALUES ('Легкий', '43');
INSERT INTO "PropertiesType" ("Name", "PropertiesId") VALUES ('Красный', '24');
INSERT INTO "PropertiesType" ("Name", "PropertiesId") VALUES ('Синий', '37');
INSERT INTO "PropertiesType" ("Name", "PropertiesId") VALUES ('Легкий', '22');
INSERT INTO "PropertiesType" ("Name", "PropertiesId") VALUES ('Синий', '37');
INSERT INTO "PropertiesType" ("Name", "PropertiesId") VALUES ('Тяжелый', '0');
INSERT INTO "PropertiesType" ("Name", "PropertiesId") VALUES ('Синий', '1');
INSERT INTO "PropertiesType" ("Name", "PropertiesId") VALUES ('Легкий', '12');
INSERT INTO "PropertiesType" ("Name", "PropertiesId") VALUES ('Средний', '16');
INSERT INTO "PropertiesType" ("Name", "PropertiesId") VALUES ('Красный', '29');
INSERT INTO "PropertiesType" ("Name", "PropertiesId") VALUES ('Средний', '45');
INSERT INTO "PropertiesType" ("Name", "PropertiesId") VALUES ('Тяжелый', '28');
INSERT INTO "PropertiesType" ("Name", "PropertiesId") VALUES ('Средний', '16');
INSERT INTO "PropertiesType" ("Name", "PropertiesId") VALUES ('Тяжелый', '28');
INSERT INTO "PropertiesType" ("Name", "PropertiesId") VALUES ('Легкий', '7');
INSERT INTO "PropertiesType" ("Name", "PropertiesId") VALUES ('Средний', '38');
INSERT INTO "PropertiesType" ("Name", "PropertiesId") VALUES ('Синий', '42');
INSERT INTO "PropertiesType" ("Name", "PropertiesId") VALUES ('Легкий', '26');
INSERT INTO "PropertiesType" ("Name", "PropertiesId") VALUES ('Красный', '25');
INSERT INTO "PropertiesType" ("Name", "PropertiesId") VALUES ('Красный', '9');
INSERT INTO "PropertiesType" ("Name", "PropertiesId") VALUES ('Красный', '11');
INSERT INTO "PropertiesType" ("Name", "PropertiesId") VALUES ('Красный', '30');
INSERT INTO "PropertiesType" ("Name", "PropertiesId") VALUES ('Легкий', '8');
INSERT INTO "PropertiesType" ("Name", "PropertiesId") VALUES ('Синий', '49');
INSERT INTO "PropertiesType" ("Name", "PropertiesId") VALUES ('Синий', '10');
INSERT INTO "PropertiesType" ("Name", "PropertiesId") VALUES ('Легкий', '45');
INSERT INTO "PropertiesType" ("Name", "PropertiesId") VALUES ('Тяжелый', '31');
INSERT INTO "PropertiesType" ("Name", "PropertiesId") VALUES ('Красный', '42');
INSERT INTO "PropertiesType" ("Name", "PropertiesId") VALUES ('Синий', '15');
INSERT INTO "PropertiesType" ("Name", "PropertiesId") VALUES ('Легкий', '19');
INSERT INTO "PropertiesType" ("Name", "PropertiesId") VALUES ('Средний', '46');
INSERT INTO "PropertiesType" ("Name", "PropertiesId") VALUES ('Средний', '6');
INSERT INTO "PropertiesType" ("Name", "PropertiesId") VALUES ('Синий', '9');
INSERT INTO "PropertiesType" ("Name", "PropertiesId") VALUES ('Синий', '35');
INSERT INTO "PropertiesType" ("Name", "PropertiesId") VALUES ('Средний', '38');
INSERT INTO "PropertiesType" ("Name", "PropertiesId") VALUES ('Синий', '18');
INSERT INTO "PropertiesType" ("Name", "PropertiesId") VALUES ('Тяжелый', '8');
INSERT INTO "PropertiesType" ("Name", "PropertiesId") VALUES ('Красный', '5');
INSERT INTO "PropertiesType" ("Name", "PropertiesId") VALUES ('Красный', '20');
INSERT INTO "PropertiesType" ("Name", "PropertiesId") VALUES ('Тяжелый', '30');
INSERT INTO "PropertiesType" ("Name", "PropertiesId") VALUES ('Синий', '40');
INSERT INTO "PropertiesType" ("Name", "PropertiesId") VALUES ('Синий', '38');
INSERT INTO "Product" ("Id", "Name", "Description", "Rating", "ProductSubCategoryId", "MarketId", "Price", "PictureURL", "Status", "StorehouseId") VALUES ('0', 'Факультет', '0', '8.2', '32', '8', '617.39', 'https://placekitten.com/959/78', '0', '25');
INSERT INTO "Product" ("Id", "Name", "Description", "Rating", "ProductSubCategoryId", "MarketId", "Price", "PictureURL", "Status", "StorehouseId") VALUES ('1', 'Зарплата', '20', '4.7', '27', '31', '837.35', 'https://dummyimage.com/18x363', '0', '45');
INSERT INTO "Product" ("Id", "Name", "Description", "Rating", "ProductSubCategoryId", "MarketId", "Price", "PictureURL", "Status", "StorehouseId") VALUES ('2', 'Увеличиваться', '0', '2.7', '17', '42', '379.49', 'https://placekitten.com/303/406', '0', '30');
INSERT INTO "Product" ("Id", "Name", "Description", "Rating", "ProductSubCategoryId", "MarketId", "Price", "PictureURL", "Status", "StorehouseId") VALUES ('3', 'Волк', '0', '2.0', '8', '46', '219.9', 'https://placekitten.com/732/1', '1', '24');
INSERT INTO "Product" ("Id", "Name", "Description", "Rating", "ProductSubCategoryId", "MarketId", "Price", "PictureURL", "Status", "StorehouseId") VALUES ('4', 'Порт', '4', '3.0', '37', '28', '450.21', 'https://picsum.photos/488/385', '0', '2');
INSERT INTO "Product" ("Id", "Name", "Description", "Rating", "ProductSubCategoryId", "MarketId", "Price", "PictureURL", "Status", "StorehouseId") VALUES ('5', 'Призыв', '24', '2.3', '0', '38', '802.82', 'https://picsum.photos/376/621', '0', '13');
INSERT INTO "Product" ("Id", "Name", "Description", "Rating", "ProductSubCategoryId", "MarketId", "Price", "PictureURL", "Status", "StorehouseId") VALUES ('6', 'Житель', '42', '6.0', '0', '29', '319.81', 'https://picsum.photos/802/968', '0', '48');
INSERT INTO "Product" ("Id", "Name", "Description", "Rating", "ProductSubCategoryId", "MarketId", "Price", "PictureURL", "Status", "StorehouseId") VALUES ('7', 'Манера', '13', '7.7', '32', '17', '753.94', 'https://placekitten.com/105/755', '1', '2');
INSERT INTO "Product" ("Id", "Name", "Description", "Rating", "ProductSubCategoryId", "MarketId", "Price", "PictureURL", "Status", "StorehouseId") VALUES ('8', 'Цель', '43', '2.6', '40', '40', '439.41', 'https://picsum.photos/378/639', '1', '44');
INSERT INTO "Product" ("Id", "Name", "Description", "Rating", "ProductSubCategoryId", "MarketId", "Price", "PictureURL", "Status", "StorehouseId") VALUES ('9', 'Беспомощный', '44', '5.7', '11', '3', '680.74', 'https://placekitten.com/144/1000', '0', '1');
INSERT INTO "Product" ("Id", "Name", "Description", "Rating", "ProductSubCategoryId", "MarketId", "Price", "PictureURL", "Status", "StorehouseId") VALUES ('10', 'Социалистический', '9', '8.8', '20', '44', '569.34', 'https://dummyimage.com/98x993', '0', '28');
INSERT INTO "Product" ("Id", "Name", "Description", "Rating", "ProductSubCategoryId", "MarketId", "Price", "PictureURL", "Status", "StorehouseId") VALUES ('11', 'Остановить', '44', '1.8', '26', '23', '711.37', 'https://dummyimage.com/463x593', '1', '22');
INSERT INTO "Product" ("Id", "Name", "Description", "Rating", "ProductSubCategoryId", "MarketId", "Price", "PictureURL", "Status", "StorehouseId") VALUES ('12', 'Миф', '29', '8.4', '24', '11', '754.83', 'https://dummyimage.com/251x256', '0', '13');
INSERT INTO "Product" ("Id", "Name", "Description", "Rating", "ProductSubCategoryId", "MarketId", "Price", "PictureURL", "Status", "StorehouseId") VALUES ('13', 'Покидать', '6', '0.8', '10', '40', '839.57', 'https://picsum.photos/433/628', '0', '35');
INSERT INTO "Product" ("Id", "Name", "Description", "Rating", "ProductSubCategoryId", "MarketId", "Price", "PictureURL", "Status", "StorehouseId") VALUES ('14', 'Пространство', '29', '2.3', '6', '11', '567.66', 'https://picsum.photos/839/46', '1', '21');
INSERT INTO "Product" ("Id", "Name", "Description", "Rating", "ProductSubCategoryId", "MarketId", "Price", "PictureURL", "Status", "StorehouseId") VALUES ('15', 'Природа', '19', '7.0', '39', '47', '923.22', 'https://dummyimage.com/326x364', '1', '2');
INSERT INTO "Product" ("Id", "Name", "Description", "Rating", "ProductSubCategoryId", "MarketId", "Price", "PictureURL", "Status", "StorehouseId") VALUES ('16', 'Четко', '45', '1.9', '15', '1', '441.31', 'https://dummyimage.com/339x411', '1', '40');
INSERT INTO "Product" ("Id", "Name", "Description", "Rating", "ProductSubCategoryId", "MarketId", "Price", "PictureURL", "Status", "StorehouseId") VALUES ('17', 'Потрясти', '18', '5.3', '0', '5', '185.55', 'https://picsum.photos/384/344', '1', '35');
INSERT INTO "Product" ("Id", "Name", "Description", "Rating", "ProductSubCategoryId", "MarketId", "Price", "PictureURL", "Status", "StorehouseId") VALUES ('18', 'Заявление', '14', '7.4', '25', '44', '778.95', 'https://picsum.photos/945/337', '0', '46');
INSERT INTO "Product" ("Id", "Name", "Description", "Rating", "ProductSubCategoryId", "MarketId", "Price", "PictureURL", "Status", "StorehouseId") VALUES ('19', 'Июнь', '30', '4.8', '47', '15', '413.35', 'https://placekitten.com/794/750', '0', '29');
INSERT INTO "Product" ("Id", "Name", "Description", "Rating", "ProductSubCategoryId", "MarketId", "Price", "PictureURL", "Status", "StorehouseId") VALUES ('20', 'Плод', '18', '6.9', '13', '34', '530.35', 'https://placekitten.com/485/237', '0', '47');
INSERT INTO "Product" ("Id", "Name", "Description", "Rating", "ProductSubCategoryId", "MarketId", "Price", "PictureURL", "Status", "StorehouseId") VALUES ('21', 'Построить', '23', '1.3', '13', '16', '483.45', 'https://placekitten.com/182/773', '1', '12');
INSERT INTO "Product" ("Id", "Name", "Description", "Rating", "ProductSubCategoryId", "MarketId", "Price", "PictureURL", "Status", "StorehouseId") VALUES ('22', 'Приятель', '34', '0.3', '2', '6', '723.3', 'https://picsum.photos/201/738', '0', '9');
INSERT INTO "Product" ("Id", "Name", "Description", "Rating", "ProductSubCategoryId", "MarketId", "Price", "PictureURL", "Status", "StorehouseId") VALUES ('23', 'Кузнец', '22', '0.3', '47', '17', '655.24', 'https://placekitten.com/581/12', '0', '39');
INSERT INTO "Product" ("Id", "Name", "Description", "Rating", "ProductSubCategoryId", "MarketId", "Price", "PictureURL", "Status", "StorehouseId") VALUES ('24', 'Карандаш', '43', '8.5', '28', '16', '413.49', 'https://picsum.photos/387/96', '0', '38');
INSERT INTO "Product" ("Id", "Name", "Description", "Rating", "ProductSubCategoryId", "MarketId", "Price", "PictureURL", "Status", "StorehouseId") VALUES ('25', 'Премьера', '47', '4.5', '16', '12', '469.27', 'https://dummyimage.com/88x303', '0', '18');
INSERT INTO "Product" ("Id", "Name", "Description", "Rating", "ProductSubCategoryId", "MarketId", "Price", "PictureURL", "Status", "StorehouseId") VALUES ('26', 'Оборот', '18', '7.8', '37', '43', '983.21', 'https://dummyimage.com/448x381', '1', '11');
INSERT INTO "Product" ("Id", "Name", "Description", "Rating", "ProductSubCategoryId", "MarketId", "Price", "PictureURL", "Status", "StorehouseId") VALUES ('27', 'Неожиданно', '46', '1.3', '6', '46', '192.28', 'https://placekitten.com/548/232', '0', '47');
INSERT INTO "Product" ("Id", "Name", "Description", "Rating", "ProductSubCategoryId", "MarketId", "Price", "PictureURL", "Status", "StorehouseId") VALUES ('28', 'Пересечь', '47', '6.7', '11', '12', '277.84', 'https://picsum.photos/939/491', '1', '24');
INSERT INTO "Product" ("Id", "Name", "Description", "Rating", "ProductSubCategoryId", "MarketId", "Price", "PictureURL", "Status", "StorehouseId") VALUES ('29', 'Каюта', '27', '4.3', '29', '42', '219.16', 'https://dummyimage.com/116x181', '0', '20');
INSERT INTO "Product" ("Id", "Name", "Description", "Rating", "ProductSubCategoryId", "MarketId", "Price", "PictureURL", "Status", "StorehouseId") VALUES ('30', 'Банда', '0', '8.7', '28', '2', '340.94', 'https://dummyimage.com/539x962', '0', '24');
INSERT INTO "Product" ("Id", "Name", "Description", "Rating", "ProductSubCategoryId", "MarketId", "Price", "PictureURL", "Status", "StorehouseId") VALUES ('31', 'Увеличиваться', '30', '8.8', '19', '26', '433.73', 'https://placekitten.com/707/919', '0', '29');
INSERT INTO "Product" ("Id", "Name", "Description", "Rating", "ProductSubCategoryId", "MarketId", "Price", "PictureURL", "Status", "StorehouseId") VALUES ('32', 'Очередной', '39', '9.6', '5', '28', '695.98', 'https://picsum.photos/482/767', '0', '16');
INSERT INTO "Product" ("Id", "Name", "Description", "Rating", "ProductSubCategoryId", "MarketId", "Price", "PictureURL", "Status", "StorehouseId") VALUES ('33', 'Плод', '24', '0.6', '36', '49', '463.81', 'https://picsum.photos/603/568', '1', '47');
INSERT INTO "Product" ("Id", "Name", "Description", "Rating", "ProductSubCategoryId", "MarketId", "Price", "PictureURL", "Status", "StorehouseId") VALUES ('34', 'Падаль', '42', '4.9', '20', '45', '34.31', 'https://placekitten.com/572/334', '0', '5');
INSERT INTO "Product" ("Id", "Name", "Description", "Rating", "ProductSubCategoryId", "MarketId", "Price", "PictureURL", "Status", "StorehouseId") VALUES ('35', 'Конструкция', '26', '7.8', '22', '10', '78.96', 'https://placekitten.com/266/679', '1', '20');
INSERT INTO "Product" ("Id", "Name", "Description", "Rating", "ProductSubCategoryId", "MarketId", "Price", "PictureURL", "Status", "StorehouseId") VALUES ('36', 'Легко', '4', '3.7', '36', '28', '843.94', 'https://placekitten.com/31/343', '1', '38');
INSERT INTO "Product" ("Id", "Name", "Description", "Rating", "ProductSubCategoryId", "MarketId", "Price", "PictureURL", "Status", "StorehouseId") VALUES ('37', 'Потрясти', '48', '4.5', '25', '5', '871.76', 'https://placekitten.com/681/475', '0', '30');
INSERT INTO "Product" ("Id", "Name", "Description", "Rating", "ProductSubCategoryId", "MarketId", "Price", "PictureURL", "Status", "StorehouseId") VALUES ('38', 'Доставать', '6', '2.1', '34', '7', '870.38', 'https://dummyimage.com/493x534', '0', '27');
INSERT INTO "Product" ("Id", "Name", "Description", "Rating", "ProductSubCategoryId", "MarketId", "Price", "PictureURL", "Status", "StorehouseId") VALUES ('39', 'Строительство', '37', '3.3', '4', '49', '34.75', 'https://picsum.photos/361/226', '1', '31');
INSERT INTO "Product" ("Id", "Name", "Description", "Rating", "ProductSubCategoryId", "MarketId", "Price", "PictureURL", "Status", "StorehouseId") VALUES ('40', 'Райком', '34', '1.4', '18', '17', '109.72', 'https://dummyimage.com/968x291', '0', '46');
INSERT INTO "Product" ("Id", "Name", "Description", "Rating", "ProductSubCategoryId", "MarketId", "Price", "PictureURL", "Status", "StorehouseId") VALUES ('41', 'Анализ', '21', '8.2', '9', '40', '901.42', 'https://picsum.photos/209/826', '0', '10');
INSERT INTO "Product" ("Id", "Name", "Description", "Rating", "ProductSubCategoryId", "MarketId", "Price", "PictureURL", "Status", "StorehouseId") VALUES ('42', 'Космос', '25', '0.7', '10', '33', '834.27', 'https://dummyimage.com/777x683', '1', '10');
INSERT INTO "Product" ("Id", "Name", "Description", "Rating", "ProductSubCategoryId", "MarketId", "Price", "PictureURL", "Status", "StorehouseId") VALUES ('43', 'Жить', '14', '4.2', '38', '30', '415.12', 'https://picsum.photos/115/566', '0', '45');
INSERT INTO "Product" ("Id", "Name", "Description", "Rating", "ProductSubCategoryId", "MarketId", "Price", "PictureURL", "Status", "StorehouseId") VALUES ('44', 'Темнеть', '12', '1.9', '11', '22', '269.43', 'https://picsum.photos/979/679', '0', '6');
INSERT INTO "Product" ("Id", "Name", "Description", "Rating", "ProductSubCategoryId", "MarketId", "Price", "PictureURL", "Status", "StorehouseId") VALUES ('45', 'Сынок', '18', '6.1', '16', '9', '56.68', 'https://dummyimage.com/51x146', '0', '42');
INSERT INTO "Product" ("Id", "Name", "Description", "Rating", "ProductSubCategoryId", "MarketId", "Price", "PictureURL", "Status", "StorehouseId") VALUES ('46', 'Следовательно', '19', '0.3', '2', '30', '543.23', 'https://picsum.photos/483/141', '0', '34');
INSERT INTO "Product" ("Id", "Name", "Description", "Rating", "ProductSubCategoryId", "MarketId", "Price", "PictureURL", "Status", "StorehouseId") VALUES ('47', 'Сверкающий', '15', '0.2', '20', '34', '951.46', 'https://picsum.photos/586/38', '1', '16');
INSERT INTO "Product" ("Id", "Name", "Description", "Rating", "ProductSubCategoryId", "MarketId", "Price", "PictureURL", "Status", "StorehouseId") VALUES ('48', 'Растеряться', '28', '9.2', '9', '13', '230.72', 'https://dummyimage.com/322x281', '1', '34');
INSERT INTO "Product" ("Id", "Name", "Description", "Rating", "ProductSubCategoryId", "MarketId", "Price", "PictureURL", "Status", "StorehouseId") VALUES ('49', 'Зеленый', '4', '5.3', '31', '37', '374.98', 'https://placekitten.com/243/49', '1', '32');
INSERT INTO "User" ("Id", "PickupPointId", "FirstName", "LastName", "SurName", "Birthday", "Email", "PhoneNumber", "Score", "Gender", "CreateDate") VALUES ('0', '13', 'Мир', 'Шашков', 'Харлампийич', '1983-03-26', 'savinolimpi@example.org', '+78727439991', '91', 'Ж', '2022-12-05');
INSERT INTO "User" ("Id", "PickupPointId", "FirstName", "LastName", "SurName", "Birthday", "Email", "PhoneNumber", "Score", "Gender", "CreateDate") VALUES ('1', '40', 'Фрол', 'Александрова', 'Радиславич', '2020-08-07', 'ipat_65@example.org', '8 (080) 521-51-29', '26', 'М', '2023-11-24');
INSERT INTO "User" ("Id", "PickupPointId", "FirstName", "LastName", "SurName", "Birthday", "Email", "PhoneNumber", "Score", "Gender", "CreateDate") VALUES ('2', '25', 'Георгий', 'Никифорова', 'Творимирич', '1980-08-05', 'mili_2022@example.org', '8 936 812 53 38', '85', 'М', '2023-12-12');
INSERT INTO "User" ("Id", "PickupPointId", "FirstName", "LastName", "SurName", "Birthday", "Email", "PhoneNumber", "Score", "Gender", "CreateDate") VALUES ('3', '22', 'Пантелеймон', 'Зиновьева', 'Амвросийич', '1986-09-30', 'ostromir2007@example.org', '+7 509 329 1684', '78', 'Ж', '2022-04-30');
INSERT INTO "User" ("Id", "PickupPointId", "FirstName", "LastName", "SurName", "Birthday", "Email", "PhoneNumber", "Score", "Gender", "CreateDate") VALUES ('4', '1', 'Мариан', 'Кудрявцев', 'Никандрич', '1995-02-11', 'denisovstanislav@example.org', '+7 (749) 593-07-67', '18', 'Ж', '2022-08-11');
INSERT INTO "User" ("Id", "PickupPointId", "FirstName", "LastName", "SurName", "Birthday", "Email", "PhoneNumber", "Score", "Gender", "CreateDate") VALUES ('5', '39', 'Рюрик', 'Соболева', 'Силаич', '1975-02-26', 'dementi42@example.net', '8 364 139 72 57', '45', 'М', '2023-03-27');
INSERT INTO "User" ("Id", "PickupPointId", "FirstName", "LastName", "SurName", "Birthday", "Email", "PhoneNumber", "Score", "Gender", "CreateDate") VALUES ('6', '9', 'Серафим', 'Миронова', 'Захарич', '2014-09-07', 'varlaam2022@example.org', '8 822 955 5555', '88', 'Ж', '2023-08-15');
INSERT INTO "User" ("Id", "PickupPointId", "FirstName", "LastName", "SurName", "Birthday", "Email", "PhoneNumber", "Score", "Gender", "CreateDate") VALUES ('7', '32', 'Афанасий', 'Сафонова', 'Любомирич', '2014-01-16', 'lavrentevipati@example.org', '8 (465) 131-30-60', '7', 'М', '2023-11-17');
INSERT INTO "User" ("Id", "PickupPointId", "FirstName", "LastName", "SurName", "Birthday", "Email", "PhoneNumber", "Score", "Gender", "CreateDate") VALUES ('8', '34', 'Филимон', 'Кудряшова', 'Прович', '1989-09-21', 'makarovefrem@example.org', '8 (525) 871-9740', '20', 'М', '2023-11-21');
INSERT INTO "User" ("Id", "PickupPointId", "FirstName", "LastName", "SurName", "Birthday", "Email", "PhoneNumber", "Score", "Gender", "CreateDate") VALUES ('9', '32', 'Геннадий', 'Комиссарова', 'Пименич', '1993-06-24', 'tvorimir1973@example.com', '+7 (452) 686-0386', '80', 'М', '2022-10-26');
INSERT INTO "User" ("Id", "PickupPointId", "FirstName", "LastName", "SurName", "Birthday", "Email", "PhoneNumber", "Score", "Gender", "CreateDate") VALUES ('10', '1', 'Самуил', 'Носкова', 'Глебич', '1985-04-13', 'darja_94@example.net', '+7 828 921 2856', '26', 'Ж', '2023-07-31');
INSERT INTO "User" ("Id", "PickupPointId", "FirstName", "LastName", "SurName", "Birthday", "Email", "PhoneNumber", "Score", "Gender", "CreateDate") VALUES ('11', '45', 'Гурий', 'Исаев', 'Назарич', '1998-01-29', 'lukakomarov@example.org', '8 (136) 386-7095', '56', 'Ж', '2022-02-10');
INSERT INTO "User" ("Id", "PickupPointId", "FirstName", "LastName", "SurName", "Birthday", "Email", "PhoneNumber", "Score", "Gender", "CreateDate") VALUES ('12', '19', 'Наина', 'Аксенов', 'Стоянич', '1992-04-14', 'novikovemmanuil@example.org', '+7 (219) 975-37-80', '86', 'М', '2023-05-25');
INSERT INTO "User" ("Id", "PickupPointId", "FirstName", "LastName", "SurName", "Birthday", "Email", "PhoneNumber", "Score", "Gender", "CreateDate") VALUES ('13', '7', 'Ольга', 'Фадеева', 'Трофимич', '2006-09-21', 'vasilisa29@example.org', '+7 113 252 9100', '95', 'М', '2022-06-30');
INSERT INTO "User" ("Id", "PickupPointId", "FirstName", "LastName", "SurName", "Birthday", "Email", "PhoneNumber", "Score", "Gender", "CreateDate") VALUES ('14', '19', 'Борис', 'Пономарева', 'Антипич', '2016-10-15', 'antonovgremislav@example.com', '81526724315', '16', 'М', '2022-07-26');
INSERT INTO "User" ("Id", "PickupPointId", "FirstName", "LastName", "SurName", "Birthday", "Email", "PhoneNumber", "Score", "Gender", "CreateDate") VALUES ('15', '16', 'Моисей', 'Родионова', 'Харитонич', '2000-08-17', 'evse_25@example.com', '8 (115) 066-7861', '56', 'Ж', '2023-03-09');
INSERT INTO "User" ("Id", "PickupPointId", "FirstName", "LastName", "SurName", "Birthday", "Email", "PhoneNumber", "Score", "Gender", "CreateDate") VALUES ('16', '14', 'Игнатий', 'Коновалов', 'Севастьянич', '1985-04-05', 'mark_1997@example.org', '8 654 558 4254', '86', 'Ж', '2023-01-12');
INSERT INTO "User" ("Id", "PickupPointId", "FirstName", "LastName", "SurName", "Birthday", "Email", "PhoneNumber", "Score", "Gender", "CreateDate") VALUES ('17', '25', 'Полина', 'Павлова', 'Мартынич', '1981-05-01', 'vlasovaljubov@example.com', '+7 230 182 87 13', '86', 'Ж', '2022-01-11');
INSERT INTO "User" ("Id", "PickupPointId", "FirstName", "LastName", "SurName", "Birthday", "Email", "PhoneNumber", "Score", "Gender", "CreateDate") VALUES ('18', '11', 'Радислав', 'Блинова', 'Сидорич', '2004-12-26', 'mjasnikovemil@example.org', '+7 344 409 4331', '14', 'Ж', '2023-05-07');
INSERT INTO "User" ("Id", "PickupPointId", "FirstName", "LastName", "SurName", "Birthday", "Email", "PhoneNumber", "Score", "Gender", "CreateDate") VALUES ('19', '38', 'Данила', 'Авдеева', 'Милийич', '2015-05-13', 'bjakusheva@example.org', '8 302 802 8105', '49', 'М', '2023-05-31');
INSERT INTO "User" ("Id", "PickupPointId", "FirstName", "LastName", "SurName", "Birthday", "Email", "PhoneNumber", "Score", "Gender", "CreateDate") VALUES ('20', '42', 'Ферапонт', 'Гришина', 'Карлич', '1982-08-13', 'serafimkalashnikov@example.org', '+7 (495) 157-3829', '88', 'Ж', '2023-10-14');
INSERT INTO "User" ("Id", "PickupPointId", "FirstName", "LastName", "SurName", "Birthday", "Email", "PhoneNumber", "Score", "Gender", "CreateDate") VALUES ('21', '49', 'Зосима', 'Карпов', 'Александраич', '2022-10-12', 'hmorozov@example.org', '89546007402', '93', 'Ж', '2022-09-02');
INSERT INTO "User" ("Id", "PickupPointId", "FirstName", "LastName", "SurName", "Birthday", "Email", "PhoneNumber", "Score", "Gender", "CreateDate") VALUES ('22', '3', 'Ия', 'Гущина', 'Арефийич', '1975-05-20', 'alekse1984@example.net', '+7 346 607 0395', '30', 'М', '2022-09-15');
INSERT INTO "User" ("Id", "PickupPointId", "FirstName", "LastName", "SurName", "Birthday", "Email", "PhoneNumber", "Score", "Gender", "CreateDate") VALUES ('23', '30', 'Ипатий', 'Макаров', 'Соломонич', '1986-12-01', 'prohor2010@example.org', '8 (719) 234-42-17', '90', 'М', '2023-12-14');
INSERT INTO "User" ("Id", "PickupPointId", "FirstName", "LastName", "SurName", "Birthday", "Email", "PhoneNumber", "Score", "Gender", "CreateDate") VALUES ('24', '38', 'Лазарь', 'Филиппов', 'Вышеславич', '2011-04-02', 'vseslav_99@example.org', '8 (473) 721-1880', '83', 'Ж', '2023-09-29');
INSERT INTO "User" ("Id", "PickupPointId", "FirstName", "LastName", "SurName", "Birthday", "Email", "PhoneNumber", "Score", "Gender", "CreateDate") VALUES ('25', '13', 'Софрон', 'Веселов', 'Евдокияич', '1996-02-25', 'viktorija_12@example.org', '+7 (495) 205-2892', '39', 'Ж', '2022-02-28');
INSERT INTO "User" ("Id", "PickupPointId", "FirstName", "LastName", "SurName", "Birthday", "Email", "PhoneNumber", "Score", "Gender", "CreateDate") VALUES ('26', '20', 'Егор', 'Куликова', 'Кираич', '1978-10-12', 'egorbunova@example.org', '86992982312', '47', 'Ж', '2023-08-03');
INSERT INTO "User" ("Id", "PickupPointId", "FirstName", "LastName", "SurName", "Birthday", "Email", "PhoneNumber", "Score", "Gender", "CreateDate") VALUES ('27', '19', 'Осип', 'Русакова', 'Прокофийич', '1985-06-29', 'harlampi46@example.net', '+7 (545) 768-47-31', '42', 'Ж', '2023-02-20');
INSERT INTO "User" ("Id", "PickupPointId", "FirstName", "LastName", "SurName", "Birthday", "Email", "PhoneNumber", "Score", "Gender", "CreateDate") VALUES ('28', '40', 'Иван', 'Гущин', 'Евсейич', '2009-05-28', 'alekse_2020@example.com', '8 (170) 344-48-98', '93', 'М', '2023-12-19');
INSERT INTO "User" ("Id", "PickupPointId", "FirstName", "LastName", "SurName", "Birthday", "Email", "PhoneNumber", "Score", "Gender", "CreateDate") VALUES ('29', '5', 'Якуб', 'Жуков', 'Вераич', '2023-09-24', 'bmuhin@example.com', '+71709578165', '66', 'Ж', '2022-04-22');
INSERT INTO "User" ("Id", "PickupPointId", "FirstName", "LastName", "SurName", "Birthday", "Email", "PhoneNumber", "Score", "Gender", "CreateDate") VALUES ('30', '32', 'Демид', 'Архипов', 'Эмилияич', '1992-08-24', 'chernovtimofe@example.com', '+7 555 246 6468', '27', 'Ж', '2022-02-09');
INSERT INTO "User" ("Id", "PickupPointId", "FirstName", "LastName", "SurName", "Birthday", "Email", "PhoneNumber", "Score", "Gender", "CreateDate") VALUES ('31', '4', 'Наина', 'Молчанова', 'Юрийич', '1987-09-30', 'gbragin@example.com', '+7 (523) 843-85-25', '8', 'Ж', '2022-05-15');
INSERT INTO "User" ("Id", "PickupPointId", "FirstName", "LastName", "SurName", "Birthday", "Email", "PhoneNumber", "Score", "Gender", "CreateDate") VALUES ('32', '43', 'Ипатий', 'Зайцев', 'Акулинаич', '2014-04-13', 'nikon45@example.com', '8 602 871 38 71', '89', 'М', '2022-10-01');
INSERT INTO "User" ("Id", "PickupPointId", "FirstName", "LastName", "SurName", "Birthday", "Email", "PhoneNumber", "Score", "Gender", "CreateDate") VALUES ('33', '43', 'Сигизмунд', 'Федосеева', 'Таисияич', '2014-02-22', 'oktjabrina_1976@example.org', '84442205466', '88', 'Ж', '2023-01-21');
INSERT INTO "User" ("Id", "PickupPointId", "FirstName", "LastName", "SurName", "Birthday", "Email", "PhoneNumber", "Score", "Gender", "CreateDate") VALUES ('34', '44', 'Семен', 'Селезнев', 'Сильвестрич', '2010-01-01', 'ladislav_2012@example.net', '8 271 331 58 17', '56', 'М', '2023-04-15');
INSERT INTO "User" ("Id", "PickupPointId", "FirstName", "LastName", "SurName", "Birthday", "Email", "PhoneNumber", "Score", "Gender", "CreateDate") VALUES ('35', '21', 'Пров', 'Шубина', 'Кононич', '2005-12-20', 'arhipovaevgenija@example.org', '+75321035573', '62', 'Ж', '2022-11-08');
INSERT INTO "User" ("Id", "PickupPointId", "FirstName", "LastName", "SurName", "Birthday", "Email", "PhoneNumber", "Score", "Gender", "CreateDate") VALUES ('36', '16', 'Адриан', 'Самойлова', 'Станиславич', '1976-04-07', 'ribakovljubosmisl@example.net', '89959883061', '30', 'Ж', '2022-04-21');
INSERT INTO "User" ("Id", "PickupPointId", "FirstName", "LastName", "SurName", "Birthday", "Email", "PhoneNumber", "Score", "Gender", "CreateDate") VALUES ('37', '5', 'Сила', 'Игнатова', 'Филимонич', '2016-06-03', 'petr1999@example.org', '+7 (830) 635-02-82', '91', 'Ж', '2022-01-08');
INSERT INTO "User" ("Id", "PickupPointId", "FirstName", "LastName", "SurName", "Birthday", "Email", "PhoneNumber", "Score", "Gender", "CreateDate") VALUES ('38', '0', 'Арсений', 'Белозерова', 'Тимофейич', '1999-03-01', 'ija1978@example.com', '8 (266) 883-5892', '32', 'М', '2022-05-31');
INSERT INTO "User" ("Id", "PickupPointId", "FirstName", "LastName", "SurName", "Birthday", "Email", "PhoneNumber", "Score", "Gender", "CreateDate") VALUES ('39', '1', 'Панкрат', 'Архипова', 'Владимирич', '2023-10-21', 'vissarion88@example.com', '83931944459', '36', 'М', '2023-05-02');
INSERT INTO "User" ("Id", "PickupPointId", "FirstName", "LastName", "SurName", "Birthday", "Email", "PhoneNumber", "Score", "Gender", "CreateDate") VALUES ('40', '8', 'Георгий', 'Макарова', 'Андроникич', '1993-02-18', 'juvenali_34@example.com', '8 (463) 635-0861', '15', 'Ж', '2022-11-06');
INSERT INTO "User" ("Id", "PickupPointId", "FirstName", "LastName", "SurName", "Birthday", "Email", "PhoneNumber", "Score", "Gender", "CreateDate") VALUES ('41', '37', 'Кондратий', 'Доронина', 'Фомаич', '1989-10-21', 'stojan09@example.net', '8 (124) 982-08-76', '56', 'Ж', '2022-09-08');
INSERT INTO "User" ("Id", "PickupPointId", "FirstName", "LastName", "SurName", "Birthday", "Email", "PhoneNumber", "Score", "Gender", "CreateDate") VALUES ('42', '36', 'Данила', 'Евдокимова', 'Исайич', '1999-02-10', 'ivasilev@example.org', '+7 (226) 611-6369', '17', 'М', '2022-04-07');
INSERT INTO "User" ("Id", "PickupPointId", "FirstName", "LastName", "SurName", "Birthday", "Email", "PhoneNumber", "Score", "Gender", "CreateDate") VALUES ('43', '28', 'Геннадий', 'Морозов', 'Синклитикияич', '1981-09-13', 'epahomova@example.org', '85905056126', '61', 'Ж', '2022-09-06');
INSERT INTO "User" ("Id", "PickupPointId", "FirstName", "LastName", "SurName", "Birthday", "Email", "PhoneNumber", "Score", "Gender", "CreateDate") VALUES ('44', '35', 'Константин', 'Орлова', 'Миланич', '1994-07-14', 'germanfokin@example.net', '8 384 255 22 82', '0', 'М', '2023-03-22');
INSERT INTO "User" ("Id", "PickupPointId", "FirstName", "LastName", "SurName", "Birthday", "Email", "PhoneNumber", "Score", "Gender", "CreateDate") VALUES ('45', '32', 'Фока', 'Моисеева', 'Панфилич', '2022-10-07', 'plobanova@example.com', '89583173448', '62', 'Ж', '2023-09-25');
INSERT INTO "User" ("Id", "PickupPointId", "FirstName", "LastName", "SurName", "Birthday", "Email", "PhoneNumber", "Score", "Gender", "CreateDate") VALUES ('46', '40', 'Игнатий', 'Самойлова', 'Мирич', '2010-01-05', 'parfen19@example.org', '8 612 341 3170', '0', 'Ж', '2022-11-15');
INSERT INTO "User" ("Id", "PickupPointId", "FirstName", "LastName", "SurName", "Birthday", "Email", "PhoneNumber", "Score", "Gender", "CreateDate") VALUES ('47', '38', 'Севастьян', 'Муравьев', 'Евдокимич', '2017-12-18', 'radislav1980@example.com', '8 (164) 735-5074', '61', 'М', '2023-08-19');
INSERT INTO "User" ("Id", "PickupPointId", "FirstName", "LastName", "SurName", "Birthday", "Email", "PhoneNumber", "Score", "Gender", "CreateDate") VALUES ('48', '47', 'Андроник', 'Исаев', 'Еремейич', '1990-05-08', 'konstantinovsofon@example.net', '+7 (102) 763-3795', '80', 'М', '2022-05-07');
INSERT INTO "User" ("Id", "PickupPointId", "FirstName", "LastName", "SurName", "Birthday", "Email", "PhoneNumber", "Score", "Gender", "CreateDate") VALUES ('49', '29', 'Станислав', 'Михеева', 'Янич', '2012-11-14', 'rozhkovazhanna@example.com', '+77647511464', '54', 'М', '2023-11-13');
INSERT INTO "Basket" ("ProductId", "UserId") VALUES ('47', '44');
INSERT INTO "Basket" ("ProductId", "UserId") VALUES ('6', '25');
INSERT INTO "Basket" ("ProductId", "UserId") VALUES ('19', '38');
INSERT INTO "Basket" ("ProductId", "UserId") VALUES ('10', '29');
INSERT INTO "Basket" ("ProductId", "UserId") VALUES ('23', '15');
INSERT INTO "Basket" ("ProductId", "UserId") VALUES ('9', '4');
INSERT INTO "Basket" ("ProductId", "UserId") VALUES ('45', '43');
INSERT INTO "Basket" ("ProductId", "UserId") VALUES ('16', '23');
INSERT INTO "Basket" ("ProductId", "UserId") VALUES ('34', '32');
INSERT INTO "Basket" ("ProductId", "UserId") VALUES ('1', '2');
INSERT INTO "Basket" ("ProductId", "UserId") VALUES ('21', '47');
INSERT INTO "Basket" ("ProductId", "UserId") VALUES ('7', '14');
INSERT INTO "Basket" ("ProductId", "UserId") VALUES ('23', '1');
INSERT INTO "Basket" ("ProductId", "UserId") VALUES ('15', '6');
INSERT INTO "Basket" ("ProductId", "UserId") VALUES ('27', '7');
INSERT INTO "Basket" ("ProductId", "UserId") VALUES ('13', '19');
INSERT INTO "Basket" ("ProductId", "UserId") VALUES ('23', '38');
INSERT INTO "Basket" ("ProductId", "UserId") VALUES ('1', '23');
INSERT INTO "Basket" ("ProductId", "UserId") VALUES ('36', '31');
INSERT INTO "Basket" ("ProductId", "UserId") VALUES ('9', '34');
INSERT INTO "Basket" ("ProductId", "UserId") VALUES ('4', '19');
INSERT INTO "Basket" ("ProductId", "UserId") VALUES ('43', '35');
INSERT INTO "Basket" ("ProductId", "UserId") VALUES ('14', '34');
INSERT INTO "Basket" ("ProductId", "UserId") VALUES ('42', '7');
INSERT INTO "Basket" ("ProductId", "UserId") VALUES ('12', '49');
INSERT INTO "Basket" ("ProductId", "UserId") VALUES ('20', '2');
INSERT INTO "Basket" ("ProductId", "UserId") VALUES ('21', '27');
INSERT INTO "Basket" ("ProductId", "UserId") VALUES ('12', '24');
INSERT INTO "Basket" ("ProductId", "UserId") VALUES ('26', '0');
INSERT INTO "Basket" ("ProductId", "UserId") VALUES ('9', '36');
INSERT INTO "Basket" ("ProductId", "UserId") VALUES ('0', '41');
INSERT INTO "Basket" ("ProductId", "UserId") VALUES ('38', '21');
INSERT INTO "Basket" ("ProductId", "UserId") VALUES ('31', '17');
INSERT INTO "Basket" ("ProductId", "UserId") VALUES ('27', '29');
INSERT INTO "Basket" ("ProductId", "UserId") VALUES ('40', '31');
INSERT INTO "Basket" ("ProductId", "UserId") VALUES ('18', '0');
INSERT INTO "Basket" ("ProductId", "UserId") VALUES ('9', '31');
INSERT INTO "Basket" ("ProductId", "UserId") VALUES ('6', '38');
INSERT INTO "Basket" ("ProductId", "UserId") VALUES ('2', '35');
INSERT INTO "Basket" ("ProductId", "UserId") VALUES ('4', '36');
INSERT INTO "Basket" ("ProductId", "UserId") VALUES ('8', '21');
INSERT INTO "Basket" ("ProductId", "UserId") VALUES ('46', '2');
INSERT INTO "Basket" ("ProductId", "UserId") VALUES ('0', '37');
INSERT INTO "Basket" ("ProductId", "UserId") VALUES ('20', '15');
INSERT INTO "Basket" ("ProductId", "UserId") VALUES ('42', '9');
INSERT INTO "Basket" ("ProductId", "UserId") VALUES ('34', '2');
INSERT INTO "Basket" ("ProductId", "UserId") VALUES ('45', '4');
INSERT INTO "Basket" ("ProductId", "UserId") VALUES ('49', '22');
INSERT INTO "Basket" ("ProductId", "UserId") VALUES ('8', '13');
INSERT INTO "Basket" ("ProductId", "UserId") VALUES ('42', '22');
INSERT INTO "PaymentDetails" ("Id", "Type", "CardNumber", "CardName", "CardType", "PhoneNumber", "Verified", "UserId") VALUES ('0', 'Visa', '2533985945021396', 'Сазонова Светлана Михайловна', 'Торопливый', '8 349 883 3920', '1', '23');
INSERT INTO "PaymentDetails" ("Id", "Type", "CardNumber", "CardName", "CardType", "PhoneNumber", "Verified", "UserId") VALUES ('1', 'Мир', '2250879581489606', 'Терентьева Жанна Феликсовна', 'Висеть', '8 (559) 724-3605', '1', '30');
INSERT INTO "PaymentDetails" ("Id", "Type", "CardNumber", "CardName", "CardType", "PhoneNumber", "Verified", "UserId") VALUES ('2', 'Мир', '342847549317221', 'Святослав Захарьевич Крылов', 'Выгнать', '8 325 029 79 13', '0', '20');
INSERT INTO "PaymentDetails" ("Id", "Type", "CardNumber", "CardName", "CardType", "PhoneNumber", "Verified", "UserId") VALUES ('3', 'Мир', '4399275637322230', 'Агата Ивановна Сысоева', 'Ручей', '+71246293930', '0', '32');
INSERT INTO "PaymentDetails" ("Id", "Type", "CardNumber", "CardName", "CardType", "PhoneNumber", "Verified", "UserId") VALUES ('4', 'Мир', '6342734134921087', 'Зиновьева Анна Вениаминовна', 'Собеседник', '8 (573) 535-7177', '1', '8');
INSERT INTO "PaymentDetails" ("Id", "Type", "CardNumber", "CardName", "CardType", "PhoneNumber", "Verified", "UserId") VALUES ('5', 'MasterCard', '2226496485018422', 'Эмилия Тимуровна Дмитриева', 'Даль', '+7 (045) 902-71-39', '0', '29');
INSERT INTO "PaymentDetails" ("Id", "Type", "CardNumber", "CardName", "CardType", "PhoneNumber", "Verified", "UserId") VALUES ('6', 'Visa', '2200752610276594', 'Ширяева Клавдия Ивановна', 'Неудобно', '84572257017', '1', '19');
INSERT INTO "PaymentDetails" ("Id", "Type", "CardNumber", "CardName", "CardType", "PhoneNumber", "Verified", "UserId") VALUES ('7', 'Мир', '4023154504608134', 'Евгения Ефимовна Дорофеева', 'Посвятить', '+7 (337) 749-7343', '1', '42');
INSERT INTO "PaymentDetails" ("Id", "Type", "CardNumber", "CardName", "CardType", "PhoneNumber", "Verified", "UserId") VALUES ('8', 'Мир', '6228800702503380', 'Силантий Филатович Молчанов', 'Устройство', '8 (139) 684-9982', '1', '11');
INSERT INTO "PaymentDetails" ("Id", "Type", "CardNumber", "CardName", "CardType", "PhoneNumber", "Verified", "UserId") VALUES ('9', 'MasterCard', '8115255744118105', 'Матвеева Светлана Артемовна', 'Уронить', '+76988804263', '0', '3');
INSERT INTO "PaymentDetails" ("Id", "Type", "CardNumber", "CardName", "CardType", "PhoneNumber", "Verified", "UserId") VALUES ('10', 'MasterCard', '4963998703526477', 'Александр Теймуразович Горбачев', 'Покидать', '+7 933 632 3367', '1', '20');
INSERT INTO "PaymentDetails" ("Id", "Type", "CardNumber", "CardName", "CardType", "PhoneNumber", "Verified", "UserId") VALUES ('11', 'Visa', '2243979535949000', 'Калашников Лукьян Жоресович', 'Инвалид', '+7 (989) 488-8383', '1', '0');
INSERT INTO "PaymentDetails" ("Id", "Type", "CardNumber", "CardName", "CardType", "PhoneNumber", "Verified", "UserId") VALUES ('12', 'Visa', '2200330436440056', 'Виссарион Фадеевич Ильин', 'Горький', '8 869 146 30 16', '0', '17');
INSERT INTO "PaymentDetails" ("Id", "Type", "CardNumber", "CardName", "CardType", "PhoneNumber", "Verified", "UserId") VALUES ('13', 'Мир', '4493354751852432', 'Калашникова Лариса Валериевна', 'Славный', '8 091 924 59 06', '0', '11');
INSERT INTO "PaymentDetails" ("Id", "Type", "CardNumber", "CardName", "CardType", "PhoneNumber", "Verified", "UserId") VALUES ('14', 'Visa', '2203562306548900', 'Татьяна Владиславовна Лебедева', 'Зима', '+7 098 930 94 28', '0', '17');
INSERT INTO "PaymentDetails" ("Id", "Type", "CardNumber", "CardName", "CardType", "PhoneNumber", "Verified", "UserId") VALUES ('15', 'Мир', '2200479324869544', 'Бронислав Юлианович Жданов', 'Салон', '+7 (892) 371-9018', '1', '22');
INSERT INTO "PaymentDetails" ("Id", "Type", "CardNumber", "CardName", "CardType", "PhoneNumber", "Verified", "UserId") VALUES ('16', 'MasterCard', '4169769656155719', 'Анжела Николаевна Суханова', 'Ремень', '8 (944) 694-03-47', '0', '29');
INSERT INTO "PaymentDetails" ("Id", "Type", "CardNumber", "CardName", "CardType", "PhoneNumber", "Verified", "UserId") VALUES ('17', 'MasterCard', '348841126321288', 'Панкратий Владленович Третьяков', 'Пропадать', '8 553 023 57 21', '1', '7');
INSERT INTO "PaymentDetails" ("Id", "Type", "CardNumber", "CardName", "CardType", "PhoneNumber", "Verified", "UserId") VALUES ('18', 'Мир', '4855509210725485', 'Дмитриев Олег Изотович', 'Обида', '+7 (734) 131-5115', '1', '31');
INSERT INTO "PaymentDetails" ("Id", "Type", "CardNumber", "CardName", "CardType", "PhoneNumber", "Verified", "UserId") VALUES ('19', 'Мир', '377352760773440', 'Конон Ааронович Архипов', 'Миг', '+7 (413) 393-87-73', '1', '23');
INSERT INTO "PaymentDetails" ("Id", "Type", "CardNumber", "CardName", "CardType", "PhoneNumber", "Verified", "UserId") VALUES ('20', 'MasterCard', '2203805869529738', 'Фролов Якуб Адамович', 'Строительство', '+7 (955) 501-6228', '1', '33');
INSERT INTO "PaymentDetails" ("Id", "Type", "CardNumber", "CardName", "CardType", "PhoneNumber", "Verified", "UserId") VALUES ('21', 'Visa', '375442621232538', 'Алексеева Тамара Яковлевна', 'Господь', '+7 588 737 11 13', '0', '47');
INSERT INTO "PaymentDetails" ("Id", "Type", "CardNumber", "CardName", "CardType", "PhoneNumber", "Verified", "UserId") VALUES ('22', 'MasterCard', '6132896601979239', 'Лора Леонидовна Маслова', 'Заведение', '8 222 902 47 29', '0', '14');
INSERT INTO "PaymentDetails" ("Id", "Type", "CardNumber", "CardName", "CardType", "PhoneNumber", "Verified", "UserId") VALUES ('23', 'Мир', '2200579622761804', 'Костин Александр Иосифович', 'Песня', '+70369405931', '1', '6');
INSERT INTO "PaymentDetails" ("Id", "Type", "CardNumber", "CardName", "CardType", "PhoneNumber", "Verified", "UserId") VALUES ('24', 'Visa', '345097320805963', 'Мир Афанасьевич Фролов', 'Назначить', '8 (697) 494-3747', '1', '34');
INSERT INTO "PaymentDetails" ("Id", "Type", "CardNumber", "CardName", "CardType", "PhoneNumber", "Verified", "UserId") VALUES ('25', 'Visa', '6233961152791728', 'Ширяев Ипат Юлианович', 'Вообще', '8 (169) 403-2192', '0', '10');
INSERT INTO "PaymentDetails" ("Id", "Type", "CardNumber", "CardName", "CardType", "PhoneNumber", "Verified", "UserId") VALUES ('26', 'MasterCard', '8150990592510252', 'Натан Трофимович Гущин', 'Другой', '86211543515', '1', '4');
INSERT INTO "PaymentDetails" ("Id", "Type", "CardNumber", "CardName", "CardType", "PhoneNumber", "Verified", "UserId") VALUES ('27', 'Visa', '6228717692273081', 'Щукин Иван Якубович', 'Славный', '8 (532) 008-16-90', '1', '11');
INSERT INTO "PaymentDetails" ("Id", "Type", "CardNumber", "CardName", "CardType", "PhoneNumber", "Verified", "UserId") VALUES ('28', 'Мир', '2201604861857714', 'Хохлов Аггей Андреевич', 'Идея', '+7 (946) 059-0469', '1', '20');
INSERT INTO "PaymentDetails" ("Id", "Type", "CardNumber", "CardName", "CardType", "PhoneNumber", "Verified", "UserId") VALUES ('29', 'Мир', '4724228089595213', 'Таисия Сергеевна Шарова', 'Мелочь', '8 520 916 7711', '1', '45');
INSERT INTO "PaymentDetails" ("Id", "Type", "CardNumber", "CardName", "CardType", "PhoneNumber", "Verified", "UserId") VALUES ('30', 'Visa', '2201464817524193', 'Влас Трифонович Гусев', 'Плясать', '8 (551) 323-91-16', '1', '29');
INSERT INTO "PaymentDetails" ("Id", "Type", "CardNumber", "CardName", "CardType", "PhoneNumber", "Verified", "UserId") VALUES ('31', 'Visa', '348004696383192', 'Федор Валентинович Фролов', 'Миф', '8 683 085 5395', '1', '10');
INSERT INTO "PaymentDetails" ("Id", "Type", "CardNumber", "CardName", "CardType", "PhoneNumber", "Verified", "UserId") VALUES ('32', 'Мир', '2255897921694532', 'Лора Антоновна Михеева', 'Правый', '82306423189', '0', '2');
INSERT INTO "PaymentDetails" ("Id", "Type", "CardNumber", "CardName", "CardType", "PhoneNumber", "Verified", "UserId") VALUES ('33', 'Мир', '378335346652104', 'Евдокия Викторовна Кулагина', 'Прежний', '+7 (226) 703-4016', '1', '18');
INSERT INTO "PaymentDetails" ("Id", "Type", "CardNumber", "CardName", "CardType", "PhoneNumber", "Verified", "UserId") VALUES ('34', 'Мир', '2200984332998078', 'Самойлов Ипат Бориславович', 'Зима', '+7 434 925 1288', '0', '43');
INSERT INTO "PaymentDetails" ("Id", "Type", "CardNumber", "CardName", "CardType", "PhoneNumber", "Verified", "UserId") VALUES ('35', 'Visa', '2299640426366299', 'Валентина Феликсовна Никитина', 'Упор', '+7 (788) 366-71-25', '0', '8');
INSERT INTO "PaymentDetails" ("Id", "Type", "CardNumber", "CardName", "CardType", "PhoneNumber", "Verified", "UserId") VALUES ('36', 'MasterCard', '374766973828225', 'Селиверст Богданович Дементьев', 'Эпоха', '+7 015 260 21 77', '1', '39');
INSERT INTO "PaymentDetails" ("Id", "Type", "CardNumber", "CardName", "CardType", "PhoneNumber", "Verified", "UserId") VALUES ('37', 'Мир', '4467041302608395', 'Александра Олеговна Борисова', 'Дурацкий', '+7 (000) 429-3941', '1', '28');
INSERT INTO "PaymentDetails" ("Id", "Type", "CardNumber", "CardName", "CardType", "PhoneNumber", "Verified", "UserId") VALUES ('38', 'MasterCard', '348415485088422', 'Остап Трифонович Туров', 'Дыхание', '8 340 065 1798', '0', '2');
INSERT INTO "PaymentDetails" ("Id", "Type", "CardNumber", "CardName", "CardType", "PhoneNumber", "Verified", "UserId") VALUES ('39', 'MasterCard', '2244590687787707', 'Максим Игнатьевич Трофимов', 'Пространство', '8 (185) 238-74-29', '1', '47');
INSERT INTO "PaymentDetails" ("Id", "Type", "CardNumber", "CardName", "CardType", "PhoneNumber", "Verified", "UserId") VALUES ('40', 'Мир', '378369826872551', 'Одинцова Элеонора Рубеновна', 'Строительство', '8 (444) 807-49-97', '1', '35');
INSERT INTO "PaymentDetails" ("Id", "Type", "CardNumber", "CardName", "CardType", "PhoneNumber", "Verified", "UserId") VALUES ('41', 'MasterCard', '375552199645521', 'Артемьев Владимир Ерофеевич', 'Желание', '8 167 584 97 19', '1', '7');
INSERT INTO "PaymentDetails" ("Id", "Type", "CardNumber", "CardName", "CardType", "PhoneNumber", "Verified", "UserId") VALUES ('42', 'MasterCard', '2251820501030244', 'Ермил Феофанович Блохин', 'Инвалид', '8 (204) 601-58-16', '0', '33');
INSERT INTO "PaymentDetails" ("Id", "Type", "CardNumber", "CardName", "CardType", "PhoneNumber", "Verified", "UserId") VALUES ('43', 'MasterCard', '6684750711882472', 'Октябрина Олеговна Крюкова', 'Редактор', '+7 483 977 1819', '1', '15');
INSERT INTO "PaymentDetails" ("Id", "Type", "CardNumber", "CardName", "CardType", "PhoneNumber", "Verified", "UserId") VALUES ('44', 'Мир', '5446240938262428', 'Василиса Юрьевна Исакова', 'Миллиард', '+7 (358) 957-2126', '0', '11');
INSERT INTO "PaymentDetails" ("Id", "Type", "CardNumber", "CardName", "CardType", "PhoneNumber", "Verified", "UserId") VALUES ('45', 'MasterCard', '4234148841850230', 'Тимофеев Милен Елисеевич', 'Дыхание', '8 (463) 860-4116', '0', '36');
INSERT INTO "PaymentDetails" ("Id", "Type", "CardNumber", "CardName", "CardType", "PhoneNumber", "Verified", "UserId") VALUES ('46', 'Мир', '2461888996654881', 'Юлий Антонович Емельянов', 'Механический', '+7 889 475 2956', '1', '0');
INSERT INTO "PaymentDetails" ("Id", "Type", "CardNumber", "CardName", "CardType", "PhoneNumber", "Verified", "UserId") VALUES ('47', 'MasterCard', '2200059198464521', 'Беспалова Анастасия Николаевна', 'Совет', '8 (805) 838-2047', '1', '14');
INSERT INTO "PaymentDetails" ("Id", "Type", "CardNumber", "CardName", "CardType", "PhoneNumber", "Verified", "UserId") VALUES ('48', 'MasterCard', '4122566692713691', 'г-жа Белозерова Наина Александровна', 'Ставить', '+76380930629', '1', '19');
INSERT INTO "PaymentDetails" ("Id", "Type", "CardNumber", "CardName", "CardType", "PhoneNumber", "Verified", "UserId") VALUES ('49', 'Visa', '2294993830732043', 'Филатова Виктория Сергеевна', 'Руководитель', '8 (246) 571-14-41', '1', '10');
INSERT INTO "Comment" ("Id", "CreateDate", "Text", "Rating", "ProductId", "UserId") VALUES ('0', '2023-11-23', 'Коммунизм пламя постоянный лететь. Дружно что невозможно тысяча советовать умолять устройство военный.
Налево лететь печатать деловой. Изредка господь интернет основание сынок товар сверкающий.', '9.9', '11', '3');
INSERT INTO "Comment" ("Id", "CreateDate", "Text", "Rating", "ProductId", "UserId") VALUES ('1', '2023-08-23', 'Угодный присесть слишком что мучительно аллея тута хлеб. Актриса горький природа мотоцикл демократия спичка теория. Умолять порядок издали снимать уточнить налево ботинок.', '2.4', '3', '18');
INSERT INTO "Comment" ("Id", "CreateDate", "Text", "Rating", "ProductId", "UserId") VALUES ('2', '2022-07-12', 'Изучить о левый пробовать коммунизм. Металл картинка пробовать кидать пересечь. Покидать очутиться выдержать житель заявление крыса.', '5.4', '36', '31');
INSERT INTO "Comment" ("Id", "CreateDate", "Text", "Rating", "ProductId", "UserId") VALUES ('3', '2023-08-23', 'Решение пол собеседник зеленый наступать вздрагивать похороны. Единый тута запеть академик сходить полевой горький.
Падать зеленый проход художественный разуметься. Некоторый правильный о зачем.', '0.3', '28', '11');
INSERT INTO "Comment" ("Id", "CreateDate", "Text", "Rating", "ProductId", "UserId") VALUES ('4', '2022-03-16', 'Прощение головка эффект видимо голубчик. Отметить полюбить указанный. Правление поезд строительство дальний.
Налево покинуть сопровождаться устройство коричневый. Совет эффект висеть умолять.', '1.2', '9', '22');
INSERT INTO "Comment" ("Id", "CreateDate", "Text", "Rating", "ProductId", "UserId") VALUES ('5', '2023-11-01', 'Мучительно торговля научить выгнать отметить проход.
Посидеть военный палата бригада коробка жестокий. Непривычный пасть направо тревога.', '2.9', '49', '25');
INSERT INTO "Comment" ("Id", "CreateDate", "Text", "Rating", "ProductId", "UserId") VALUES ('6', '2023-09-04', 'Бок следовательно невозможно труп покинуть. Встать миф голубчик запретить эффект виднеться.
Конференция сомнительный изучить перебивать. Понятный оборот военный смертельный смеяться.', '6.6', '49', '13');
INSERT INTO "Comment" ("Id", "CreateDate", "Text", "Rating", "ProductId", "UserId") VALUES ('7', '2022-11-29', 'Палец плясать число деньги опасность тусклый валюта поздравлять. Заложить очко магазин ведь палка.', '9.3', '30', '5');
INSERT INTO "Comment" ("Id", "CreateDate", "Text", "Rating", "ProductId", "UserId") VALUES ('8', '2023-12-20', 'Вытаскивать ход невозможно карандаш разводить выгнать совет солнце. Запустить вскинуть угроза боец научить зима.', '5.3', '42', '3');
INSERT INTO "Comment" ("Id", "CreateDate", "Text", "Rating", "ProductId", "UserId") VALUES ('9', '2022-09-28', 'Аж носок бегать редактор поговорить. Успокоиться опасность вперед перебивать.
Эпоха а направо горький. Присесть появление избегать мальчишка.', '8.4', '20', '19');
INSERT INTO "Comment" ("Id", "CreateDate", "Text", "Rating", "ProductId", "UserId") VALUES ('10', '2022-05-04', 'Оборот порода единый зачем товар приятель. Пространство монета художественный отдел монета вперед бочок.
Прошептать неудобно дьявол горький роскошный плод зеленый.', '7.7', '1', '39');
INSERT INTO "Comment" ("Id", "CreateDate", "Text", "Rating", "ProductId", "UserId") VALUES ('11', '2023-03-21', 'Пространство совет неправда процесс что дошлый заплакать. Дремать ребятишки кольцо возмутиться ныне совещание песня.', '4.3', '40', '12');
INSERT INTO "Comment" ("Id", "CreateDate", "Text", "Rating", "ProductId", "UserId") VALUES ('12', '2022-05-24', 'Лапа экзамен неправда около интернет сутки вздрогнуть. Монета доставать полностью.
Призыв мимо космос монета радость плод космос. Трубка подробность полевой. Правление юный недостаток.', '1.4', '8', '18');
INSERT INTO "Comment" ("Id", "CreateDate", "Text", "Rating", "ProductId", "UserId") VALUES ('13', '2023-01-03', 'Роскошный рота госпожа поздравлять экзамен деньги. Научить руководитель роскошный настать. Основание упорно правление равнодушный командующий поговорить.', '1.4', '43', '13');
INSERT INTO "Comment" ("Id", "CreateDate", "Text", "Rating", "ProductId", "UserId") VALUES ('14', '2023-05-28', 'Смеяться лететь протягивать беспомощный район. Важный июнь радость дружно. Инструкция лапа инвалид носок пространство.', '8.8', '26', '13');
INSERT INTO "Comment" ("Id", "CreateDate", "Text", "Rating", "ProductId", "UserId") VALUES ('15', '2022-12-06', 'Банда пасть близко еврейский. Желание расстегнуть светило ягода пастух иной упор.', '10.0', '44', '23');
INSERT INTO "Comment" ("Id", "CreateDate", "Text", "Rating", "ProductId", "UserId") VALUES ('16', '2022-04-27', 'Помолчать сынок сверкать. Белье невозможно рот спасть. Естественный развернуться зарплата кольцо материя социалистический.', '4.6', '32', '28');
INSERT INTO "Comment" ("Id", "CreateDate", "Text", "Rating", "ProductId", "UserId") VALUES ('17', '2023-05-12', 'Головка оборот ботинок терапия интернет жидкий ставить рассуждение. Плод командование тревога важный секунда зеленый. Рота голубчик покидать провинция хлеб правление степь песенка.', '0.4', '48', '21');
INSERT INTO "Comment" ("Id", "CreateDate", "Text", "Rating", "ProductId", "UserId") VALUES ('18', '2022-03-28', 'Светило передо крутой изредка. Уронить бок невыносимый кпсс порядок дружно мера мелочь. Соответствие спорт миф манера.', '9.9', '21', '11');
INSERT INTO "Comment" ("Id", "CreateDate", "Text", "Rating", "ProductId", "UserId") VALUES ('19', '2022-08-11', 'Сходить второй потрясти следовательно за новый. Зачем отметить смелый сохранять изучить.
Поймать затянуться снимать зеленый.
Передо точно провал тесно. Магазин район товар. Сохранять падаль академик.', '6.1', '38', '13');
INSERT INTO "Comment" ("Id", "CreateDate", "Text", "Rating", "ProductId", "UserId") VALUES ('20', '2023-10-11', 'Носок упор советовать аллея сравнение голубчик приличный. Крыса дрогнуть девка слать возможно. Место нож инструкция куча.', '5.4', '32', '31');
INSERT INTO "Comment" ("Id", "CreateDate", "Text", "Rating", "ProductId", "UserId") VALUES ('21', '2023-06-30', 'Тревога школьный процесс табак изображать цвет. Отражение мучительно конструкция прежде. Изредка миг заложить конференция коллектив покинуть запретить следовательно.', '2.9', '0', '46');
INSERT INTO "Comment" ("Id", "CreateDate", "Text", "Rating", "ProductId", "UserId") VALUES ('22', '2022-05-22', 'Следовательно сравнение демократия палка. Правление нажать налево.
Совещание трубка жидкий бригада народ. Манера холодно смертельный низкий.', '5.5', '49', '12');
INSERT INTO "Comment" ("Id", "CreateDate", "Text", "Rating", "ProductId", "UserId") VALUES ('23', '2022-01-22', 'Дрогнуть свежий призыв зарплата пол. Цвет предоставить экзамен сустав пастух.', '6.3', '31', '43');
INSERT INTO "Comment" ("Id", "CreateDate", "Text", "Rating", "ProductId", "UserId") VALUES ('24', '2023-01-22', 'Монета песенка бригада.
А монета соответствие невозможно возбуждение падать. Сравнение миф помимо отметить.
Функция миллиард боец художественный миг. Спешить аж запретить.', '1.3', '0', '26');
INSERT INTO "Comment" ("Id", "CreateDate", "Text", "Rating", "ProductId", "UserId") VALUES ('25', '2023-09-18', 'Сустав мимо эффект приятель выгнать неправда очутиться. Зарплата тута запустить ложиться степь интеллектуальный передо материя. Освободить смеяться князь монета изменение спорт отъезд.', '5.4', '4', '18');
INSERT INTO "Comment" ("Id", "CreateDate", "Text", "Rating", "ProductId", "UserId") VALUES ('26', '2022-03-17', 'Невыносимый падать медицина социалистический тысяча понятный. Полоска покидать уничтожение рот смертельный. Угроза печатать точно мучительно очутиться один школьный.', '7.2', '38', '48');
INSERT INTO "Comment" ("Id", "CreateDate", "Text", "Rating", "ProductId", "UserId") VALUES ('27', '2022-06-25', 'Через советовать коробка выдержать волк роскошный прежний упорно. Господь бак скользить помимо более торговля анализ.
Прошептать спасть дьявол.', '9.2', '46', '10');
INSERT INTO "Comment" ("Id", "CreateDate", "Text", "Rating", "ProductId", "UserId") VALUES ('28', '2022-10-13', 'Трясти пастух сходить чем банда выраженный экзамен.
Господь сутки аж расстегнуть степь вариант ленинград. Что подробность руководитель ныне дружно.', '7.6', '8', '10');
INSERT INTO "Comment" ("Id", "CreateDate", "Text", "Rating", "ProductId", "UserId") VALUES ('29', '2022-06-27', 'Встать счастье манера.
Поговорить покинуть мимо. Сынок полоска выразить пламя.
Наткнуться мягкий ночь штаб затянуться похороны.', '9.1', '34', '21');
INSERT INTO "Comment" ("Id", "CreateDate", "Text", "Rating", "ProductId", "UserId") VALUES ('30', '2023-06-11', 'Советовать роса плавно сынок. Подробность аж умирать миф задержать мгновение опасность потом.
Рабочий привлекать важный командующий. Очутиться вариант бак развернуться одиннадцать материя.', '8.3', '21', '28');
INSERT INTO "Comment" ("Id", "CreateDate", "Text", "Rating", "ProductId", "UserId") VALUES ('31', '2023-11-12', 'Беспомощный совещание бровь второй покидать пятеро.
Исполнять скользить бабочка налоговый дьявол руководитель. Очко умирать покидать правление картинка граница тесно. Человечек палата падать.', '7.9', '10', '6');
INSERT INTO "Comment" ("Id", "CreateDate", "Text", "Rating", "ProductId", "UserId") VALUES ('32', '2023-01-30', 'Приятель провал провинция видимо. Растеряться предоставить рота поздравлять командир наткнуться ответить казнь. Сынок головка остановить опасность спорт призыв степь казнь.', '2.7', '6', '14');
INSERT INTO "Comment" ("Id", "CreateDate", "Text", "Rating", "ProductId", "UserId") VALUES ('33', '2023-08-28', 'Народ затянуться дошлый ленинград. Означать второй один что славный мальчишка полевой райком. Полностью район новый фонарик что кидать ход.', '8.2', '30', '13');
INSERT INTO "Comment" ("Id", "CreateDate", "Text", "Rating", "ProductId", "UserId") VALUES ('34', '2023-01-07', 'Роса отъезд разводить. Дорогой миллиард скрытый прежде дремать. Ярко табак цвет возможно обида оставить.', '5.2', '44', '40');
INSERT INTO "Comment" ("Id", "CreateDate", "Text", "Rating", "ProductId", "UserId") VALUES ('35', '2022-12-10', 'Заплакать решение эффект исследование приятель избегать. Терапия другой результат сравнение очередной вперед. Тревога промолчать пропасть направо мотоцикл число инфекция выразить.', '7.7', '5', '41');
INSERT INTO "Comment" ("Id", "CreateDate", "Text", "Rating", "ProductId", "UserId") VALUES ('36', '2023-11-11', 'Аж металл уничтожение рассуждение посидеть порт.
Ставить премьера степь перебивать наткнуться. Написать падать художественный рота передо песня. Неожиданный экзамен роса нажать.', '2.8', '17', '2');
INSERT INTO "Comment" ("Id", "CreateDate", "Text", "Rating", "ProductId", "UserId") VALUES ('37', '2023-06-19', 'Миллиард счастье торговля изменение. Строительство помолчать холодно мягкий секунда порт.
Головка умирать доставать металл порядок рай горький. Славный мусор угодный песенка волк спичка.', '2.8', '6', '23');
INSERT INTO "Comment" ("Id", "CreateDate", "Text", "Rating", "ProductId", "UserId") VALUES ('38', '2022-12-12', 'Картинка угроза изменение редактор невыносимый командир пятеро.
Понятный монета бегать бегать при висеть. Основание функция ставить новый невозможно провинция. Выражение сравнение чувство легко.', '9.0', '1', '25');
INSERT INTO "Comment" ("Id", "CreateDate", "Text", "Rating", "ProductId", "UserId") VALUES ('39', '2022-02-01', 'Ставить ученый валюта подробность поставить. Металл радость монета сходить точно термин парень решение. Художественный карман забирать пасть прежде наступать.', '2.5', '23', '8');
INSERT INTO "Comment" ("Id", "CreateDate", "Text", "Rating", "ProductId", "UserId") VALUES ('40', '2022-01-20', 'Передо цвет порядок рот сынок мальчишка мелочь. Разнообразный другой стакан.
Тюрьма сутки факультет жидкий банда голубчик инвалид.', '9.3', '25', '28');
INSERT INTO "Comment" ("Id", "CreateDate", "Text", "Rating", "ProductId", "UserId") VALUES ('41', '2023-05-18', 'Мусор потрясти о товар освобождение степь исполнять. Табак легко правление страсть поезд означать висеть дурацкий.', '2.5', '38', '33');
INSERT INTO "Comment" ("Id", "CreateDate", "Text", "Rating", "ProductId", "UserId") VALUES ('42', '2022-08-01', 'Вчера мимо степь задрать штаб командир степь. Неудобно механический естественный бабочка художественный инструкция ребятишки. Отметить витрина неожиданный аж около вряд назначить.', '4.2', '33', '3');
INSERT INTO "Comment" ("Id", "CreateDate", "Text", "Rating", "ProductId", "UserId") VALUES ('43', '2022-06-18', 'Счастье кузнец новый появление заложить. Серьезный наткнуться анализ упор. Легко витрина мальчишка труп четко.', '0.5', '1', '46');
INSERT INTO "Comment" ("Id", "CreateDate", "Text", "Rating", "ProductId", "UserId") VALUES ('44', '2023-09-20', 'Привлекать опасность монета строительство заведение зарплата перебивать. Холодно дорогой карандаш головной дорогой ботинок ручей лиловый.', '1.5', '23', '25');
INSERT INTO "Comment" ("Id", "CreateDate", "Text", "Rating", "ProductId", "UserId") VALUES ('45', '2023-12-15', 'Помимо стакан тюрьма скрытый эпоха лететь пища. Самостоятельно ленинград командование реклама задрать ныне деньги. Монета палка ученый слишком вскакивать.', '10.0', '17', '34');
INSERT INTO "Comment" ("Id", "CreateDate", "Text", "Rating", "ProductId", "UserId") VALUES ('46', '2023-01-24', 'Подземный крутой головка пятеро очутиться. Спичка очередной упорно место.
Выраженный лететь редактор демократия. Около избегать палка опасность танцевать одиннадцать болото.', '4.6', '31', '46');
INSERT INTO "Comment" ("Id", "CreateDate", "Text", "Rating", "ProductId", "UserId") VALUES ('47', '2023-09-30', 'Холодно рассуждение ярко мгновение. Трубка тысяча поздравлять сверкающий монета заплакать смеяться.
Тесно заложить спасть необычный некоторый товар военный. Тысяча песенка наслаждение.', '9.0', '13', '22');
INSERT INTO "Comment" ("Id", "CreateDate", "Text", "Rating", "ProductId", "UserId") VALUES ('48', '2022-02-25', 'Монета дыхание неожиданно наткнуться разводить изменение карандаш. Рай очередной выражаться носок возмутиться налоговый рота.', '4.4', '21', '47');
INSERT INTO "Comment" ("Id", "CreateDate", "Text", "Rating", "ProductId", "UserId") VALUES ('49', '2022-05-24', 'Товар прелесть мелькнуть. Даль процесс трясти лиловый применяться тута.
Помимо понятный горький вскакивать зеленый очередной. Второй печатать виднеться монета нервно приятель.', '2.3', '48', '44');
INSERT INTO "SearchHistory" ("ProductId", "UserId") VALUES ('13', '23');
INSERT INTO "SearchHistory" ("ProductId", "UserId") VALUES ('20', '4');
INSERT INTO "SearchHistory" ("ProductId", "UserId") VALUES ('27', '34');
INSERT INTO "SearchHistory" ("ProductId", "UserId") VALUES ('3', '5');
INSERT INTO "SearchHistory" ("ProductId", "UserId") VALUES ('38', '6');
INSERT INTO "SearchHistory" ("ProductId", "UserId") VALUES ('1', '6');
INSERT INTO "SearchHistory" ("ProductId", "UserId") VALUES ('21', '24');
INSERT INTO "SearchHistory" ("ProductId", "UserId") VALUES ('27', '38');
INSERT INTO "SearchHistory" ("ProductId", "UserId") VALUES ('0', '42');
INSERT INTO "SearchHistory" ("ProductId", "UserId") VALUES ('0', '16');
INSERT INTO "SearchHistory" ("ProductId", "UserId") VALUES ('9', '34');
INSERT INTO "SearchHistory" ("ProductId", "UserId") VALUES ('6', '30');
INSERT INTO "SearchHistory" ("ProductId", "UserId") VALUES ('21', '8');
INSERT INTO "SearchHistory" ("ProductId", "UserId") VALUES ('32', '12');
INSERT INTO "SearchHistory" ("ProductId", "UserId") VALUES ('21', '23');
INSERT INTO "SearchHistory" ("ProductId", "UserId") VALUES ('11', '13');
INSERT INTO "SearchHistory" ("ProductId", "UserId") VALUES ('31', '18');
INSERT INTO "SearchHistory" ("ProductId", "UserId") VALUES ('13', '25');
INSERT INTO "SearchHistory" ("ProductId", "UserId") VALUES ('5', '43');
INSERT INTO "SearchHistory" ("ProductId", "UserId") VALUES ('36', '34');
INSERT INTO "SearchHistory" ("ProductId", "UserId") VALUES ('41', '3');
INSERT INTO "SearchHistory" ("ProductId", "UserId") VALUES ('16', '9');
INSERT INTO "SearchHistory" ("ProductId", "UserId") VALUES ('44', '46');
INSERT INTO "SearchHistory" ("ProductId", "UserId") VALUES ('22', '14');
INSERT INTO "SearchHistory" ("ProductId", "UserId") VALUES ('6', '25');
INSERT INTO "SearchHistory" ("ProductId", "UserId") VALUES ('24', '29');
INSERT INTO "SearchHistory" ("ProductId", "UserId") VALUES ('22', '42');
INSERT INTO "SearchHistory" ("ProductId", "UserId") VALUES ('44', '21');
INSERT INTO "SearchHistory" ("ProductId", "UserId") VALUES ('41', '19');
INSERT INTO "SearchHistory" ("ProductId", "UserId") VALUES ('38', '29');
INSERT INTO "SearchHistory" ("ProductId", "UserId") VALUES ('25', '41');
INSERT INTO "SearchHistory" ("ProductId", "UserId") VALUES ('48', '47');
INSERT INTO "SearchHistory" ("ProductId", "UserId") VALUES ('48', '13');
INSERT INTO "SearchHistory" ("ProductId", "UserId") VALUES ('34', '37');
INSERT INTO "SearchHistory" ("ProductId", "UserId") VALUES ('43', '37');
INSERT INTO "SearchHistory" ("ProductId", "UserId") VALUES ('9', '5');
INSERT INTO "SearchHistory" ("ProductId", "UserId") VALUES ('47', '36');
INSERT INTO "SearchHistory" ("ProductId", "UserId") VALUES ('4', '23');
INSERT INTO "SearchHistory" ("ProductId", "UserId") VALUES ('24', '13');
INSERT INTO "SearchHistory" ("ProductId", "UserId") VALUES ('19', '33');
INSERT INTO "SearchHistory" ("ProductId", "UserId") VALUES ('3', '32');
INSERT INTO "SearchHistory" ("ProductId", "UserId") VALUES ('43', '15');
INSERT INTO "SearchHistory" ("ProductId", "UserId") VALUES ('49', '43');
INSERT INTO "SearchHistory" ("ProductId", "UserId") VALUES ('10', '18');
INSERT INTO "SearchHistory" ("ProductId", "UserId") VALUES ('28', '9');
INSERT INTO "SearchHistory" ("ProductId", "UserId") VALUES ('16', '49');
INSERT INTO "SearchHistory" ("ProductId", "UserId") VALUES ('17', '26');
INSERT INTO "SearchHistory" ("ProductId", "UserId") VALUES ('34', '10');
INSERT INTO "SearchHistory" ("ProductId", "UserId") VALUES ('29', '46');
INSERT INTO "SearchHistory" ("ProductId", "UserId") VALUES ('3', '20');
INSERT INTO "Favorites" ("ProductId", "UserId") VALUES ('49', '35');
INSERT INTO "Favorites" ("ProductId", "UserId") VALUES ('7', '31');
INSERT INTO "Favorites" ("ProductId", "UserId") VALUES ('12', '41');
INSERT INTO "Favorites" ("ProductId", "UserId") VALUES ('24', '8');
INSERT INTO "Favorites" ("ProductId", "UserId") VALUES ('2', '47');
INSERT INTO "Favorites" ("ProductId", "UserId") VALUES ('13', '9');
INSERT INTO "Favorites" ("ProductId", "UserId") VALUES ('17', '15');
INSERT INTO "Favorites" ("ProductId", "UserId") VALUES ('25', '20');
INSERT INTO "Favorites" ("ProductId", "UserId") VALUES ('48', '11');
INSERT INTO "Favorites" ("ProductId", "UserId") VALUES ('7', '31');
INSERT INTO "Favorites" ("ProductId", "UserId") VALUES ('47', '19');
INSERT INTO "Favorites" ("ProductId", "UserId") VALUES ('6', '3');
INSERT INTO "Favorites" ("ProductId", "UserId") VALUES ('45', '6');
INSERT INTO "Favorites" ("ProductId", "UserId") VALUES ('23', '33');
INSERT INTO "Favorites" ("ProductId", "UserId") VALUES ('16', '24');
INSERT INTO "Favorites" ("ProductId", "UserId") VALUES ('45', '31');
INSERT INTO "Favorites" ("ProductId", "UserId") VALUES ('38', '22');
INSERT INTO "Favorites" ("ProductId", "UserId") VALUES ('27', '32');
INSERT INTO "Favorites" ("ProductId", "UserId") VALUES ('27', '21');
INSERT INTO "Favorites" ("ProductId", "UserId") VALUES ('20', '44');
INSERT INTO "Favorites" ("ProductId", "UserId") VALUES ('37', '32');
INSERT INTO "Favorites" ("ProductId", "UserId") VALUES ('0', '20');
INSERT INTO "Favorites" ("ProductId", "UserId") VALUES ('24', '39');
INSERT INTO "Favorites" ("ProductId", "UserId") VALUES ('46', '44');
INSERT INTO "Favorites" ("ProductId", "UserId") VALUES ('34', '16');
INSERT INTO "Favorites" ("ProductId", "UserId") VALUES ('18', '32');
INSERT INTO "Favorites" ("ProductId", "UserId") VALUES ('41', '40');
INSERT INTO "Favorites" ("ProductId", "UserId") VALUES ('9', '22');
INSERT INTO "Favorites" ("ProductId", "UserId") VALUES ('25', '22');
INSERT INTO "Favorites" ("ProductId", "UserId") VALUES ('43', '10');
INSERT INTO "Favorites" ("ProductId", "UserId") VALUES ('15', '8');
INSERT INTO "Favorites" ("ProductId", "UserId") VALUES ('4', '11');
INSERT INTO "Favorites" ("ProductId", "UserId") VALUES ('29', '19');
INSERT INTO "Favorites" ("ProductId", "UserId") VALUES ('43', '41');
INSERT INTO "Favorites" ("ProductId", "UserId") VALUES ('32', '5');
INSERT INTO "Favorites" ("ProductId", "UserId") VALUES ('49', '11');
INSERT INTO "Favorites" ("ProductId", "UserId") VALUES ('3', '30');
INSERT INTO "Favorites" ("ProductId", "UserId") VALUES ('29', '26');
INSERT INTO "Favorites" ("ProductId", "UserId") VALUES ('9', '35');
INSERT INTO "Favorites" ("ProductId", "UserId") VALUES ('44', '45');
INSERT INTO "Favorites" ("ProductId", "UserId") VALUES ('22', '47');
INSERT INTO "Favorites" ("ProductId", "UserId") VALUES ('34', '21');
INSERT INTO "Favorites" ("ProductId", "UserId") VALUES ('46', '17');
INSERT INTO "Favorites" ("ProductId", "UserId") VALUES ('18', '47');
INSERT INTO "Favorites" ("ProductId", "UserId") VALUES ('24', '17');
INSERT INTO "Favorites" ("ProductId", "UserId") VALUES ('44', '10');
INSERT INTO "Favorites" ("ProductId", "UserId") VALUES ('12', '42');
INSERT INTO "Favorites" ("ProductId", "UserId") VALUES ('48', '26');
INSERT INTO "Favorites" ("ProductId", "UserId") VALUES ('5', '19');
INSERT INTO "Favorites" ("ProductId", "UserId") VALUES ('13', '26');
